{
  "label_metrics": {
    "amota": {
      "bicycle": 0.24384615384615388,
      "bus": 0.5334893957583032,
      "car": 0.5431262037267125,
      "motorcycle": 0.3621034411093786,
      "pedestrian": 0.37063233811835783,
      "trailer": 0.184,
      "truck": 0.3587170894560832
    },
    "amotp": {
      "bicycle": 1.3423887164979695,
      "bus": 1.310675540777043,
      "car": 1.048061851850737,
      "motorcycle": 1.448715058395461,
      "pedestrian": 1.4545156499251632,
      "trailer": 1.808058168660454,
      "truck": 1.3987880802273813
    },
    "recall": {
      "bicycle": 0.1896551724137931,
      "bus": 0.5930232558139535,
      "car": 0.6463906192744595,
      "motorcycle": 0.42857142857142855,
      "pedestrian": 0.5156462585034014,
      "trailer": 0.6097560975609756,
      "truck": 0.480225988700565
    },
    "motar": {
      "bicycle": 1.0,
      "bus": 0.980392156862745,
      "car": 0.9227082085080888,
      "motorcycle": 0.9797979797979796,
      "pedestrian": 0.8354231974921632,
      "trailer": 0.31999999999999995,
      "truck": 0.9135802469135803
    },
    "gt": {
      "bicycle": 58.0,
      "bus": 86.0,
      "car": 2729.0,
      "motorcycle": 238.0,
      "pedestrian": 1470.0,
      "trailer": 41.0,
      "truck": 177.0
    },
    "mota": {
      "bicycle": 0.18965517241379315,
      "bus": 0.5813953488372092,
      "car": 0.5643092707951631,
      "motorcycle": 0.40756302521008403,
      "pedestrian": 0.3625850340136054,
      "trailer": 0.19512195121951215,
      "truck": 0.4180790960451978
    },
    "motp": {
      "bicycle": 0.7634467086659168,
      "bus": 0.6825197086130472,
      "car": 0.4078389080842553,
      "motorcycle": 0.48823457890299027,
      "pedestrian": 0.6925561266895424,
      "trailer": 1.6661881194094852,
      "truck": 0.4700905001880587
    },
    "mt": {
      "bicycle": 1.0,
      "bus": 2.0,
      "car": 56.0,
      "motorcycle": 1.0,
      "pedestrian": 14.0,
      "trailer": 0.0,
      "truck": 1.0
    },
    "ml": {
      "bicycle": 7.0,
      "bus": 0.0,
      "car": 32.0,
      "motorcycle": 4.0,
      "pedestrian": 31.0,
      "trailer": 0.0,
      "truck": 4.0
    },
    "faf": {
      "bicycle": 0.0,
      "bus": 1.5625,
      "car": 79.62962962962963,
      "motorcycle": 3.1746031746031744,
      "pedestrian": 80.76923076923077,
      "trailer": 40.476190476190474,
      "truck": 5.932203389830509
    },
    "tp": {
      "bicycle": 11.0,
      "bus": 51.0,
      "car": 1669.0,
      "motorcycle": 99.0,
      "pedestrian": 638.0,
      "trailer": 25.0,
      "truck": 81.0
    },
    "fp": {
      "bicycle": 0.0,
      "bus": 1.0,
      "car": 129.0,
      "motorcycle": 2.0,
      "pedestrian": 105.0,
      "trailer": 17.0,
      "truck": 7.0
    },
    "fn": {
      "bicycle": 47.0,
      "bus": 35.0,
      "car": 965.0,
      "motorcycle": 136.0,
      "pedestrian": 712.0,
      "trailer": 16.0,
      "truck": 92.0
    },
    "ids": {
      "bicycle": 0.0,
      "bus": 0.0,
      "car": 95.0,
      "motorcycle": 3.0,
      "pedestrian": 120.0,
      "trailer": 0.0,
      "truck": 4.0
    },
    "frag": {
      "bicycle": 0.0,
      "bus": 1.0,
      "car": 68.0,
      "motorcycle": 3.0,
      "pedestrian": 53.0,
      "trailer": 11.0,
      "truck": 4.0
    },
    "tid": {
      "bicycle": 0.0,
      "bus": 1.6,
      "car": 1.5158730158730158,
      "motorcycle": 2.375,
      "pedestrian": 1.9067796610169492,
      "trailer": 1.5,
      "truck": 1.6666666666666667
    },
    "lgd": {
      "bicycle": 0.0,
      "bus": 2.5,
      "car": 2.0793650793650795,
      "motorcycle": 3.125,
      "pedestrian": 2.788135593220339,
      "trailer": 1.5,
      "truck": 2.5
    }
  },
  "eval_time": 28.743546962738037,
  "cfg": {
    "tracking_names": [
      "bicycle",
      "bus",
      "car",
      "motorcycle",
      "pedestrian",
      "trailer",
      "truck"
    ],
    "pretty_tracking_names": {
      "bicycle": "Bicycle",
      "bus": "Bus",
      "car": "Car",
      "motorcycle": "Motorcycle",
      "pedestrian": "Pedestrian",
      "trailer": "Trailer",
      "truck": "Truck"
    },
    "tracking_colors": {
      "bicycle": "C9",
      "bus": "C2",
      "car": "C0",
      "motorcycle": "C6",
      "pedestrian": "C5",
      "trailer": "C3",
      "truck": "C1"
    },
    "class_range": {
      "car": 50,
      "truck": 50,
      "bus": 50,
      "trailer": 50,
      "pedestrian": 40,
      "motorcycle": 40,
      "bicycle": 40
    },
    "dist_fcn": "center_distance",
    "dist_th_tp": 2.0,
    "min_recall": 0.1,
    "max_boxes_per_sample": 600,
    "metric_worst": {
      "amota": 0.0,
      "amotp": 2.0,
      "recall": 0.0,
      "motar": 0.0,
      "mota": 0.0,
      "motp": 2.0,
      "mt": 0.0,
      "ml": -1.0,
      "faf": 500,
      "gt": -1,
      "tp": 0.0,
      "fp": -1.0,
      "fn": -1.0,
      "ids": -1.0,
      "frag": -1.0,
      "tid": 20,
      "lgd": 20
    },
    "num_thresholds": 40
  },
  "amota": 0.3708449460021414,
  "amotp": 1.4016004380477443,
  "recall": 0.4947526886912252,
  "motar": 0.8502716842249368,
  "gt": 685.5714285714286,
  "mota": 0.38838698550493783,
  "motp": 0.7386963786504709,
  "mt": 75.0,
  "ml": 78.0,
  "faf": 30.220622491354938,
  "tp": 2574.0,
  "fp": 261.0,
  "fn": 2003.0,
  "ids": 222.0,
  "frag": 140.0,
  "tid": 1.5091884776509474,
  "lgd": 2.070357238940774,
  "meta": {
    "use_camera": true,
    "use_lidar": false,
    "use_radar": true,
    "use_map": false,
    "use_external": false
  }
}