{
  "label_metrics": {
    "amota": {
      "bicycle": 0.31476603053926044,
      "bus": 0.662897077174671,
      "car": 0.6067123828763998,
      "motorcycle": 0.43597907912646205,
      "pedestrian": 0.2741817763537133,
      "trailer": 0.1525707155996953,
      "truck": 0.3084965942248781
    },
    "amotp": {
      "bicycle": 1.3924016719118093,
      "bus": 1.004192653645322,
      "car": 0.907379510267987,
      "motorcycle": 1.2435820539463522,
      "pedestrian": 1.5000020446626237,
      "trailer": 1.5062298092467568,
      "truck": 1.2990242629771422
    },
    "recall": {
      "bicycle": 0.46613146011038636,
      "bus": 0.681344696969697,
      "car": 0.6866093934873193,
      "motorcycle": 0.5280728376327769,
      "pedestrian": 0.43303308028163473,
      "trailer": 0.24701030927835052,
      "truck": 0.5346113989637306
    },
    "motar": {
      "bicycle": 0.7418300653594772,
      "bus": 0.8626220362622037,
      "car": 0.8607953826291674,
      "motorcycle": 0.8343137254901961,
      "pedestrian": 0.6713548517656582,
      "trailer": 0.5841750841750841,
      "truck": 0.6436298076923076
    },
    "gt": {
      "bicycle": 1993.0,
      "bus": 2112.0,
      "car": 58317.0,
      "motorcycle": 1977.0,
      "pedestrian": 25423.0,
      "trailer": 2425.0,
      "truck": 9650.0
    },
    "mota": {
      "bicycle": 0.3416959357752133,
      "bus": 0.5857007575757576,
      "car": 0.5830889791998903,
      "motorcycle": 0.43045017703591304,
      "pedestrian": 0.2609841482122488,
      "trailer": 0.14309278350515464,
      "truck": 0.33295336787564767
    },
    "motp": {
      "bicycle": 0.4425547262328461,
      "bus": 0.63323520832554,
      "car": 0.367471065121535,
      "motorcycle": 0.4866243369469705,
      "pedestrian": 0.6091453769332745,
      "trailer": 0.9545187012239654,
      "truck": 0.5365952728734857
    },
    "mt": {
      "bicycle": 32.0,
      "bus": 59.0,
      "car": 1737.0,
      "motorcycle": 36.0,
      "pedestrian": 260.0,
      "trailer": 23.0,
      "truck": 173.0
    },
    "ml": {
      "bicycle": 63.0,
      "bus": 33.0,
      "car": 1003.0,
      "motorcycle": 46.0,
      "pedestrian": 794.0,
      "trailer": 104.0,
      "truck": 189.0
    },
    "faf": {
      "bicycle": 16.46977067407922,
      "bus": 12.175525339925834,
      "car": 95.53509381514941,
      "motorcycle": 12.745098039215685,
      "pedestrian": 75.67567567567568,
      "trailer": 24.23945044160942,
      "truck": 46.76656151419558
    },
    "tp": {
      "bicycle": 918.0,
      "bus": 1434.0,
      "car": 39503.0,
      "motorcycle": 1020.0,
      "pedestrian": 9883.0,
      "trailer": 594.0,
      "truck": 4992.0
    },
    "fp": {
      "bicycle": 237.0,
      "bus": 197.0,
      "car": 5499.0,
      "motorcycle": 169.0,
      "pedestrian": 3248.0,
      "trailer": 247.0,
      "truck": 1779.0
    },
    "fn": {
      "bicycle": 1064.0,
      "bus": 673.0,
      "car": 18276.0,
      "motorcycle": 933.0,
      "pedestrian": 14414.0,
      "trailer": 1826.0,
      "truck": 4491.0
    },
    "ids": {
      "bicycle": 11.0,
      "bus": 5.0,
      "car": 538.0,
      "motorcycle": 24.0,
      "pedestrian": 1126.0,
      "trailer": 5.0,
      "truck": 167.0
    },
    "frag": {
      "bicycle": 5.0,
      "bus": 16.0,
      "car": 526.0,
      "motorcycle": 18.0,
      "pedestrian": 439.0,
      "trailer": 3.0,
      "truck": 121.0
    },
    "tid": {
      "bicycle": 2.080808080808081,
      "bus": 0.7857142857142857,
      "car": 1.0518412584912407,
      "motorcycle": 2.2628865979381443,
      "pedestrian": 2.013671875,
      "trailer": 1.1833333333333333,
      "truck": 1.621761658031088
    },
    "lgd": {
      "bicycle": 2.4444444444444446,
      "bus": 1.37012987012987,
      "car": 1.5377189846263855,
      "motorcycle": 2.685567010309278,
      "pedestrian": 2.953125,
      "trailer": 1.5,
      "truck": 2.5803108808290154
    }
  },
  "eval_time": 1668.3810794353485,
  "cfg": {
    "tracking_names": [
      "bicycle",
      "bus",
      "car",
      "motorcycle",
      "pedestrian",
      "trailer",
      "truck"
    ],
    "pretty_tracking_names": {
      "bicycle": "Bicycle",
      "bus": "Bus",
      "car": "Car",
      "motorcycle": "Motorcycle",
      "pedestrian": "Pedestrian",
      "trailer": "Trailer",
      "truck": "Truck"
    },
    "tracking_colors": {
      "bicycle": "C9",
      "bus": "C2",
      "car": "C0",
      "motorcycle": "C6",
      "pedestrian": "C5",
      "trailer": "C3",
      "truck": "C1"
    },
    "class_range": {
      "car": 50,
      "truck": 50,
      "bus": 50,
      "trailer": 50,
      "pedestrian": 40,
      "motorcycle": 40,
      "bicycle": 40
    },
    "dist_fcn": "center_distance",
    "dist_th_tp": 2.0,
    "min_recall": 0.1,
    "max_boxes_per_sample": 600,
    "metric_worst": {
      "amota": 0.0,
      "amotp": 2.0,
      "recall": 0.0,
      "motar": 0.0,
      "mota": 0.0,
      "motp": 2.0,
      "mt": 0.0,
      "ml": -1.0,
      "faf": 500,
      "gt": -1,
      "tp": 0.0,
      "fp": -1.0,
      "fn": -1.0,
      "ids": -1.0,
      "frag": -1.0,
      "tid": 20,
      "lgd": 20
    },
    "num_thresholds": 40
  },
  "amota": 0.39365766512786854,
  "amotp": 1.2646874295225705,
  "recall": 0.5109733109605564,
  "motar": 0.7426744219105849,
  "gt": 14556.714285714286,
  "mota": 0.38256659273997506,
  "motp": 0.5757349553796596,
  "mt": 2320.0,
  "ml": 2232.0,
  "faf": 40.515310785692975,
  "tp": 58344.0,
  "fp": 11376.0,
  "fn": 41677.0,
  "ids": 1876.0,
  "frag": 1128.0,
  "tid": 1.5714310127594533,
  "lgd": 2.1530423129055705,
  "meta": {
    "use_camera": true,
    "use_lidar": false,
    "use_radar": true,
    "use_map": false,
    "use_external": false
  }
}