{
  "label_metrics": {
    "amota": {
      "bicycle": 0.2778220829320056,
      "bus": 0.4804123149579837,
      "car": 0.4865106635519699,
      "motorcycle": 0.3403945837636996,
      "pedestrian": 0.26023070562243167,
      "trailer": 0.093784702925968,
      "truck": 0.25247586049989584
    },
    "amotp": {
      "bicycle": 1.514293575029585,
      "bus": 1.2989100980087944,
      "car": 1.1653850368377043,
      "motorcycle": 1.4340811418712862,
      "pedestrian": 1.4856331845827322,
      "trailer": 1.8304025840799363,
      "truck": 1.5044059507552798
    },
    "recall": {
      "bicycle": 0.39989964877069745,
      "bus": 0.5639204545454546,
      "car": 0.5662156832484524,
      "motorcycle": 0.4542235710672736,
      "pedestrian": 0.3657711521063604,
      "trailer": 0.20824742268041238,
      "truck": 0.40404145077720205
    },
    "motar": {
      "bicycle": 0.8712871287128713,
      "bus": 0.941382327209099,
      "car": 0.9498187368822744,
      "motorcycle": 0.9419191919191919,
      "pedestrian": 0.7223560587810166,
      "trailer": 0.6588983050847458,
      "truck": 0.7655607348505621
    },
    "gt": {
      "bicycle": 1993.0,
      "bus": 2112.0,
      "car": 58317.0,
      "motorcycle": 1977.0,
      "pedestrian": 25423.0,
      "trailer": 2425.0,
      "truck": 9650.0
    },
    "mota": {
      "bicycle": 0.30908178625188154,
      "bus": 0.509469696969697,
      "car": 0.5121662636966922,
      "motorcycle": 0.37733940313606473,
      "pedestrian": 0.23588876214451482,
      "trailer": 0.12824742268041234,
      "truck": 0.28932642487046634
    },
    "motp": {
      "bicycle": 0.4357806959315823,
      "bus": 0.6009228601888933,
      "car": 0.3737508612753902,
      "motorcycle": 0.45245496986373784,
      "pedestrian": 0.627128743747097,
      "trailer": 0.6986737297512347,
      "truck": 0.5222927975029065
    },
    "mt": {
      "bicycle": 25.0,
      "bus": 34.0,
      "car": 1186.0,
      "motorcycle": 24.0,
      "pedestrian": 216.0,
      "trailer": 10.0,
      "truck": 98.0
    },
    "ml": {
      "bicycle": 76.0,
      "bus": 35.0,
      "car": 1365.0,
      "motorcycle": 47.0,
      "pedestrian": 971.0,
      "trailer": 92.0,
      "truck": 256.0
    },
    "faf": {
      "bicycle": 6.618181818181817,
      "bus": 4.3365695792880254,
      "car": 27.52005580746425,
      "motorcycle": 3.524904214559387,
      "pedestrian": 53.742131032874795,
      "trailer": 15.972222222222221,
      "truck": 23.240010872519708
    },
    "tp": {
      "bicycle": 707.0,
      "bus": 1143.0,
      "car": 31446.0,
      "motorcycle": 792.0,
      "pedestrian": 8302.0,
      "trailer": 472.0,
      "truck": 3647.0
    },
    "fp": {
      "bicycle": 91.0,
      "bus": 67.0,
      "car": 1578.0,
      "motorcycle": 46.0,
      "pedestrian": 2305.0,
      "trailer": 161.0,
      "truck": 855.0
    },
    "fn": {
      "bicycle": 1196.0,
      "bus": 921.0,
      "car": 25297.0,
      "motorcycle": 1079.0,
      "pedestrian": 16124.0,
      "trailer": 1920.0,
      "truck": 5751.0
    },
    "ids": {
      "bicycle": 90.0,
      "bus": 48.0,
      "car": 1574.0,
      "motorcycle": 106.0,
      "pedestrian": 997.0,
      "trailer": 33.0,
      "truck": 252.0
    },
    "frag": {
      "bicycle": 58.0,
      "bus": 59.0,
      "car": 1379.0,
      "motorcycle": 68.0,
      "pedestrian": 424.0,
      "trailer": 37.0,
      "truck": 270.0
    },
    "tid": {
      "bicycle": 1.8709677419354838,
      "bus": 1.5617283950617284,
      "car": 1.3598058252427185,
      "motorcycle": 2.3020833333333335,
      "pedestrian": 1.952039691289967,
      "trailer": 2.963636363636364,
      "truck": 1.9385964912280702
    },
    "lgd": {
      "bicycle": 2.4301075268817205,
      "bus": 2.462962962962963,
      "car": 2.093398058252427,
      "motorcycle": 2.9427083333333335,
      "pedestrian": 3.3224917309812567,
      "trailer": 4.845454545454546,
      "truck": 3.152046783625731
    }
  },
  "eval_time": 1293.7464826107025,
  "cfg": {
    "tracking_names": [
      "bicycle",
      "bus",
      "car",
      "motorcycle",
      "pedestrian",
      "trailer",
      "truck"
    ],
    "pretty_tracking_names": {
      "bicycle": "Bicycle",
      "bus": "Bus",
      "car": "Car",
      "motorcycle": "Motorcycle",
      "pedestrian": "Pedestrian",
      "trailer": "Trailer",
      "truck": "Truck"
    },
    "tracking_colors": {
      "bicycle": "C9",
      "bus": "C2",
      "car": "C0",
      "motorcycle": "C6",
      "pedestrian": "C5",
      "trailer": "C3",
      "truck": "C1"
    },
    "class_range": {
      "car": 50,
      "truck": 50,
      "bus": 50,
      "trailer": 50,
      "pedestrian": 40,
      "motorcycle": 40,
      "bicycle": 40
    },
    "dist_fcn": "center_distance",
    "dist_th_tp": 2.0,
    "min_recall": 0.1,
    "max_boxes_per_sample": 600,
    "metric_worst": {
      "amota": 0.0,
      "amotp": 2.0,
      "recall": 0.0,
      "motar": 0.0,
      "mota": 0.0,
      "motp": 2.0,
      "mt": 0.0,
      "ml": -1.0,
      "faf": 500,
      "gt": -1,
      "tp": 0.0,
      "fp": -1.0,
      "fn": -1.0,
      "ids": -1.0,
      "frag": -1.0,
      "tid": 20,
      "lgd": 20
    },
    "num_thresholds": 40
  },
  "amota": 0.3130901306077077,
  "amotp": 1.4618730815950454,
  "recall": 0.4231884833136933,
  "motar": 0.8358889262056802,
  "gt": 14556.714285714286,
  "mota": 0.3373599656785327,
  "motp": 0.5301435226086918,
  "mt": 1593.0,
  "ml": 2842.0,
  "faf": 19.279153649587176,
  "tp": 46509.0,
  "fp": 5103.0,
  "fn": 52288.0,
  "ids": 3100.0,
  "frag": 2295.0,
  "tid": 1.9926939773896664,
  "lgd": 3.035595705927426,
  "meta": {
    "use_camera": true,
    "use_lidar": false,
    "use_radar": true,
    "use_map": false,
    "use_external": false
  }
}