{
  "label_metrics": {
    "amota": {
      "bicycle": 0.16167815441798844,
      "bus": 0.4565220406244814,
      "car": 0.3902149877625801,
      "motorcycle": 0.24520159015043777,
      "pedestrian": 0.18454392853525733,
      "trailer": 0.09263129079273484,
      "truck": 0.21193902601484402
    },
    "amotp": {
      "bicycle": 1.7081070089756358,
      "bus": 1.3300162696984827,
      "car": 1.3305188667783274,
      "motorcycle": 1.589987410360117,
      "pedestrian": 1.6072587378982646,
      "trailer": 1.8327569883933876,
      "truck": 1.5809032065851276
    },
    "recall": {
      "bicycle": 0.3135975915704967,
      "bus": 0.5838068181818182,
      "car": 0.5563557796182931,
      "motorcycle": 0.4162873039959535,
      "pedestrian": 0.34279982692837196,
      "trailer": 0.22268041237113403,
      "truck": 0.38870466321243524
    },
    "motar": {
      "bicycle": 0.9177777777777778,
      "bus": 0.9394495412844037,
      "car": 0.9525618139693872,
      "motorcycle": 0.9428104575163399,
      "pedestrian": 0.7411872424843583,
      "trailer": 0.6382978723404256,
      "truck": 0.7687771570453135
    },
    "gt": {
      "bicycle": 1993.0,
      "bus": 2112.0,
      "car": 58317.0,
      "motorcycle": 1977.0,
      "pedestrian": 25423.0,
      "trailer": 2425.0,
      "truck": 9650.0
    },
    "mota": {
      "bicycle": 0.20722528850978428,
      "bus": 0.48484848484848486,
      "car": 0.4300632748598179,
      "motorcycle": 0.2918563480020233,
      "pedestrian": 0.19104747669433186,
      "trailer": 0.12371134020618557,
      "truck": 0.25668393782383425
    },
    "motp": {
      "bicycle": 0.3574271465823897,
      "bus": 0.6091732406121215,
      "car": 0.3649466493775463,
      "motorcycle": 0.4112016132826549,
      "pedestrian": 0.5806619740793139,
      "trailer": 0.725706817114965,
      "truck": 0.5132537144563999
    },
    "mt": {
      "bicycle": 10.0,
      "bus": 37.0,
      "car": 1136.0,
      "motorcycle": 21.0,
      "pedestrian": 177.0,
      "trailer": 10.0,
      "truck": 92.0
    },
    "ml": {
      "bicycle": 91.0,
      "bus": 32.0,
      "car": 1457.0,
      "motorcycle": 55.0,
      "pedestrian": 977.0,
      "trailer": 89.0,
      "truck": 263.0
    },
    "faf": {
      "bicycle": 2.714600146735143,
      "bus": 4.271844660194175,
      "car": 21.793753271680334,
      "motorcycle": 2.6881720430107525,
      "pedestrian": 39.570695286980865,
      "trailer": 16.831683168316832,
      "truck": 20.32187670485543
    },
    "tp": {
      "bicycle": 450.0,
      "bus": 1090.0,
      "car": 26329.0,
      "motorcycle": 612.0,
      "pedestrian": 6553.0,
      "trailer": 470.0,
      "truck": 3222.0
    },
    "fp": {
      "bicycle": 37.0,
      "bus": 66.0,
      "car": 1249.0,
      "motorcycle": 35.0,
      "pedestrian": 1696.0,
      "trailer": 170.0,
      "truck": 745.0
    },
    "fn": {
      "bicycle": 1368.0,
      "bus": 879.0,
      "car": 25872.0,
      "motorcycle": 1154.0,
      "pedestrian": 16708.0,
      "trailer": 1885.0,
      "truck": 5899.0
    },
    "ids": {
      "bicycle": 175.0,
      "bus": 143.0,
      "car": 6116.0,
      "motorcycle": 211.0,
      "pedestrian": 2162.0,
      "trailer": 70.0,
      "truck": 529.0
    },
    "frag": {
      "bicycle": 46.0,
      "bus": 63.0,
      "car": 916.0,
      "motorcycle": 67.0,
      "pedestrian": 652.0,
      "trailer": 42.0,
      "truck": 193.0
    },
    "tid": {
      "bicycle": 1.994186046511628,
      "bus": 1.2621951219512195,
      "car": 1.3780487804878048,
      "motorcycle": 2.090909090909091,
      "pedestrian": 1.9515418502202644,
      "trailer": 2.8833333333333333,
      "truck": 1.9597014925373135
    },
    "lgd": {
      "bicycle": 2.796511627906977,
      "bus": 2.25,
      "car": 2.186788617886179,
      "motorcycle": 2.8636363636363638,
      "pedestrian": 3.4151982378854626,
      "trailer": 4.608333333333333,
      "truck": 3.434328358208955
    }
  },
  "eval_time": 1010.0276348590851,
  "cfg": {
    "tracking_names": [
      "bicycle",
      "bus",
      "car",
      "motorcycle",
      "pedestrian",
      "trailer",
      "truck"
    ],
    "pretty_tracking_names": {
      "bicycle": "Bicycle",
      "bus": "Bus",
      "car": "Car",
      "motorcycle": "Motorcycle",
      "pedestrian": "Pedestrian",
      "trailer": "Trailer",
      "truck": "Truck"
    },
    "tracking_colors": {
      "bicycle": "C9",
      "bus": "C2",
      "car": "C0",
      "motorcycle": "C6",
      "pedestrian": "C5",
      "trailer": "C3",
      "truck": "C1"
    },
    "class_range": {
      "car": 50,
      "truck": 50,
      "bus": 50,
      "trailer": 50,
      "pedestrian": 40,
      "motorcycle": 40,
      "bicycle": 40
    },
    "dist_fcn": "center_distance",
    "dist_th_tp": 2.0,
    "min_recall": 0.1,
    "max_boxes_per_sample": 600,
    "metric_worst": {
      "amota": 0.0,
      "amotp": 2.0,
      "recall": 0.0,
      "motar": 0.0,
      "mota": 0.0,
      "motp": 2.0,
      "mt": 0.0,
      "ml": -1.0,
      "faf": 500,
      "gt": -1,
      "tp": 0.0,
      "fp": -1.0,
      "fn": -1.0,
      "ids": -1.0,
      "frag": -1.0,
      "tid": 20,
      "lgd": 20
    },
    "num_thresholds": 40
  },
  "amota": 0.2489615740426177,
  "amotp": 1.5685069269556204,
  "recall": 0.4034617708397861,
  "motar": 0.8429802660597151,
  "gt": 14556.714285714286,
  "mota": 0.28363373584920887,
  "motp": 0.5089101650721987,
  "mt": 1483.0,
  "ml": 2964.0,
  "faf": 15.456089325967644,
  "tp": 38726.0,
  "fp": 3998.0,
  "fn": 53765.0,
  "ids": 9406.0,
  "frag": 1979.0,
  "tid": 1.9314165308500932,
  "lgd": 3.079256648408182,
  "meta": {
    "use_camera": true,
    "use_lidar": false,
    "use_radar": true,
    "use_map": false,
    "use_external": false
  }
}