{
  "label_metrics": {
    "amota": {
      "bicycle": 0.2682493891783542,
      "bus": 0.4660124157726419,
      "car": 0.4776785422687583,
      "motorcycle": 0.3331758088185042,
      "pedestrian": 0.21892994837612045,
      "trailer": 0.06726101670018858,
      "truck": 0.25051050190966223
    },
    "amotp": {
      "bicycle": 1.5347996677389408,
      "bus": 1.3071745426723935,
      "car": 1.1829698459875646,
      "motorcycle": 1.4555178988628719,
      "pedestrian": 1.484625534003095,
      "trailer": 1.8480531257325468,
      "truck": 1.5157850330188807
    },
    "recall": {
      "bicycle": 0.3878575012543904,
      "bus": 0.5767045454545454,
      "car": 0.5800366959891626,
      "motorcycle": 0.44461305007587254,
      "pedestrian": 0.27785863194744914,
      "trailer": 0.21360824742268042,
      "truck": 0.4054922279792746
    },
    "motar": {
      "bicycle": 0.8751733703190014,
      "bus": 0.9430051813471502,
      "car": 0.9495830415685275,
      "motorcycle": 0.9450686641697877,
      "pedestrian": 0.7270846594525779,
      "trailer": 0.6042553191489362,
      "truck": 0.7609113368103212
    },
    "gt": {
      "bicycle": 1993.0,
      "bus": 2112.0,
      "car": 58317.0,
      "motorcycle": 1977.0,
      "pedestrian": 25423.0,
      "trailer": 2425.0,
      "truck": 9650.0
    },
    "mota": {
      "bicycle": 0.31660812844957353,
      "bus": 0.5170454545454546,
      "car": 0.5115832433081262,
      "motorcycle": 0.38290338897319165,
      "pedestrian": 0.17971915194902255,
      "trailer": 0.11711340206185572,
      "truck": 0.2872538860103627
    },
    "motp": {
      "bicycle": 0.43091401081296543,
      "bus": 0.6021942014833447,
      "car": 0.37715530603969294,
      "motorcycle": 0.4465446753087324,
      "pedestrian": 0.6119040434147626,
      "trailer": 0.7400317287621394,
      "truck": 0.5220756840326807
    },
    "mt": {
      "bicycle": 22.0,
      "bus": 36.0,
      "car": 1225.0,
      "motorcycle": 24.0,
      "pedestrian": 102.0,
      "trailer": 10.0,
      "truck": 98.0
    },
    "ml": {
      "bicycle": 78.0,
      "bus": 33.0,
      "car": 1331.0,
      "motorcycle": 49.0,
      "pedestrian": 1087.0,
      "trailer": 92.0,
      "truck": 256.0
    },
    "faf": {
      "bicycle": 6.5549890750182085,
      "bus": 4.271844660194175,
      "car": 27.624694802929895,
      "motorcycle": 3.3716475095785436,
      "pedestrian": 40.26766846677624,
      "trailer": 18.415841584158414,
      "truck": 23.674911660777383
    },
    "tp": {
      "bicycle": 721.0,
      "bus": 1158.0,
      "car": 31418.0,
      "motorcycle": 801.0,
      "pedestrian": 6284.0,
      "trailer": 470.0,
      "truck": 3643.0
    },
    "fp": {
      "bicycle": 90.0,
      "bus": 66.0,
      "car": 1584.0,
      "motorcycle": 44.0,
      "pedestrian": 1715.0,
      "trailer": 186.0,
      "truck": 871.0
    },
    "fn": {
      "bicycle": 1220.0,
      "bus": 894.0,
      "car": 24491.0,
      "motorcycle": 1098.0,
      "pedestrian": 18359.0,
      "trailer": 1907.0,
      "truck": 5737.0
    },
    "ids": {
      "bicycle": 52.0,
      "bus": 60.0,
      "car": 2408.0,
      "motorcycle": 78.0,
      "pedestrian": 780.0,
      "trailer": 48.0,
      "truck": 270.0
    },
    "frag": {
      "bicycle": 56.0,
      "bus": 62.0,
      "car": 1399.0,
      "motorcycle": 67.0,
      "pedestrian": 436.0,
      "trailer": 50.0,
      "truck": 285.0
    },
    "tid": {
      "bicycle": 1.9728260869565217,
      "bus": 1.524390243902439,
      "car": 1.2708734128510966,
      "motorcycle": 2.3404255319148937,
      "pedestrian": 3.215736040609137,
      "trailer": 3.360655737704918,
      "truck": 1.991304347826087
    },
    "lgd": {
      "bicycle": 2.527173913043478,
      "bus": 2.323170731707317,
      "car": 2.0178914967295114,
      "motorcycle": 2.9627659574468086,
      "pedestrian": 3.9955583756345177,
      "trailer": 4.934426229508197,
      "truck": 3.2
    }
  },
  "eval_time": 1313.3546259403229,
  "cfg": {
    "tracking_names": [
      "bicycle",
      "bus",
      "car",
      "motorcycle",
      "pedestrian",
      "trailer",
      "truck"
    ],
    "pretty_tracking_names": {
      "bicycle": "Bicycle",
      "bus": "Bus",
      "car": "Car",
      "motorcycle": "Motorcycle",
      "pedestrian": "Pedestrian",
      "trailer": "Trailer",
      "truck": "Truck"
    },
    "tracking_colors": {
      "bicycle": "C9",
      "bus": "C2",
      "car": "C0",
      "motorcycle": "C6",
      "pedestrian": "C5",
      "trailer": "C3",
      "truck": "C1"
    },
    "class_range": {
      "car": 50,
      "truck": 50,
      "bus": 50,
      "trailer": 50,
      "pedestrian": 40,
      "motorcycle": 40,
      "bicycle": 40
    },
    "dist_fcn": "center_distance",
    "dist_th_tp": 2.0,
    "min_recall": 0.1,
    "max_boxes_per_sample": 600,
    "metric_worst": {
      "amota": 0.0,
      "amotp": 2.0,
      "recall": 0.0,
      "motar": 0.0,
      "mota": 0.0,
      "motp": 2.0,
      "mt": 0.0,
      "ml": -1.0,
      "faf": 500,
      "gt": -1,
      "tp": 0.0,
      "fp": -1.0,
      "fn": -1.0,
      "ids": -1.0,
      "frag": -1.0,
      "tid": 20,
      "lgd": 20
    },
    "num_thresholds": 40
  },
  "amota": 0.29740251757489,
  "amotp": 1.4755608068594703,
  "recall": 0.4123101285890535,
  "motar": 0.8292973675451859,
  "gt": 14556.714285714286,
  "mota": 0.330318093613941,
  "motp": 0.532974235693474,
  "mt": 1517.0,
  "ml": 2926.0,
  "faf": 17.740228251347553,
  "tp": 44495.0,
  "fp": 4556.0,
  "fn": 53706.0,
  "ids": 3696.0,
  "frag": 2355.0,
  "tid": 2.2394587716807277,
  "lgd": 3.1372838148671183,
  "meta": {
    "use_camera": true,
    "use_lidar": false,
    "use_radar": true,
    "use_map": false,
    "use_external": false
  }
}