{
  "label_metrics": {
    "amota": {
      "bicycle": 0.21339599555061178,
      "bus": 0.5457116179805255,
      "car": 0.5178725271635842,
      "motorcycle": 0.3354044131813378,
      "pedestrian": 0.35694123245249976,
      "trailer": 0.1375,
      "truck": 0.3597021728271729
    },
    "amotp": {
      "bicycle": 1.3636738212703867,
      "bus": 1.1985744703047136,
      "car": 1.0761355940438535,
      "motorcycle": 1.489113529464713,
      "pedestrian": 1.46248988499692,
      "trailer": 1.80003224250639,
      "truck": 1.3702883021412138
    },
    "recall": {
      "bicycle": 0.1896551724137931,
      "bus": 0.5930232558139535,
      "car": 0.6456577500916086,
      "motorcycle": 0.4117647058823529,
      "pedestrian": 0.5040816326530613,
      "trailer": 0.5853658536585366,
      "truck": 0.480225988700565
    },
    "motar": {
      "bicycle": 1.0,
      "bus": 0.980392156862745,
      "car": 0.9049098819142325,
      "motorcycle": 0.956989247311828,
      "pedestrian": 0.8241042345276873,
      "trailer": 0.25,
      "truck": 0.9249999999999998
    },
    "gt": {
      "bicycle": 58.0,
      "bus": 86.0,
      "car": 2729.0,
      "motorcycle": 238.0,
      "pedestrian": 1470.0,
      "trailer": 41.0,
      "truck": 177.0
    },
    "mota": {
      "bicycle": 0.18965517241379315,
      "bus": 0.5813953488372092,
      "car": 0.5335287651154269,
      "motorcycle": 0.3739495798319328,
      "pedestrian": 0.3442176870748299,
      "trailer": 0.14634146341463417,
      "truck": 0.4180790960451978
    },
    "motp": {
      "bicycle": 0.7173880617225362,
      "bus": 0.6590547996613978,
      "car": 0.37312971266728995,
      "motorcycle": 0.5315464164050596,
      "pedestrian": 0.7079940530607066,
      "trailer": 1.6364222591025268,
      "truck": 0.42804893978509007
    },
    "mt": {
      "bicycle": 1.0,
      "bus": 2.0,
      "car": 56.0,
      "motorcycle": 0.0,
      "pedestrian": 13.0,
      "trailer": 0.0,
      "truck": 1.0
    },
    "ml": {
      "bicycle": 7.0,
      "bus": 0.0,
      "car": 32.0,
      "motorcycle": 3.0,
      "pedestrian": 32.0,
      "trailer": 0.0,
      "truck": 4.0
    },
    "faf": {
      "bicycle": 0.0,
      "bus": 1.5625,
      "car": 94.44444444444444,
      "motorcycle": 6.349206349206349,
      "pedestrian": 83.07692307692308,
      "trailer": 42.857142857142854,
      "truck": 5.084745762711865
    },
    "tp": {
      "bicycle": 11.0,
      "bus": 51.0,
      "car": 1609.0,
      "motorcycle": 93.0,
      "pedestrian": 614.0,
      "trailer": 24.0,
      "truck": 80.0
    },
    "fp": {
      "bicycle": 0.0,
      "bus": 1.0,
      "car": 153.0,
      "motorcycle": 4.0,
      "pedestrian": 108.0,
      "trailer": 18.0,
      "truck": 6.0
    },
    "fn": {
      "bicycle": 47.0,
      "bus": 35.0,
      "car": 967.0,
      "motorcycle": 140.0,
      "pedestrian": 729.0,
      "trailer": 17.0,
      "truck": 92.0
    },
    "ids": {
      "bicycle": 0.0,
      "bus": 0.0,
      "car": 153.0,
      "motorcycle": 5.0,
      "pedestrian": 127.0,
      "trailer": 0.0,
      "truck": 5.0
    },
    "frag": {
      "bicycle": 0.0,
      "bus": 1.0,
      "car": 64.0,
      "motorcycle": 3.0,
      "pedestrian": 60.0,
      "trailer": 12.0,
      "truck": 4.0
    },
    "tid": {
      "bicycle": 0.0,
      "bus": 1.6,
      "car": 1.562992125984252,
      "motorcycle": 2.875,
      "pedestrian": 1.9741379310344827,
      "trailer": 1.5,
      "truck": 1.6666666666666667
    },
    "lgd": {
      "bicycle": 0.0,
      "bus": 2.5,
      "car": 2.1102362204724407,
      "motorcycle": 3.6875,
      "pedestrian": 2.6810344827586206,
      "trailer": 1.5,
      "truck": 2.5
    }
  },
  "eval_time": 27.2134792804718,
  "cfg": {
    "tracking_names": [
      "bicycle",
      "bus",
      "car",
      "motorcycle",
      "pedestrian",
      "trailer",
      "truck"
    ],
    "pretty_tracking_names": {
      "bicycle": "Bicycle",
      "bus": "Bus",
      "car": "Car",
      "motorcycle": "Motorcycle",
      "pedestrian": "Pedestrian",
      "trailer": "Trailer",
      "truck": "Truck"
    },
    "tracking_colors": {
      "bicycle": "C9",
      "bus": "C2",
      "car": "C0",
      "motorcycle": "C6",
      "pedestrian": "C5",
      "trailer": "C3",
      "truck": "C1"
    },
    "class_range": {
      "car": 50,
      "truck": 50,
      "bus": 50,
      "trailer": 50,
      "pedestrian": 40,
      "motorcycle": 40,
      "bicycle": 40
    },
    "dist_fcn": "center_distance",
    "dist_th_tp": 2.0,
    "min_recall": 0.1,
    "max_boxes_per_sample": 600,
    "metric_worst": {
      "amota": 0.0,
      "amotp": 2.0,
      "recall": 0.0,
      "motar": 0.0,
      "mota": 0.0,
      "motp": 2.0,
      "mt": 0.0,
      "ml": -1.0,
      "faf": 500,
      "gt": -1,
      "tp": 0.0,
      "fp": -1.0,
      "fn": -1.0,
      "ids": -1.0,
      "frag": -1.0,
      "tid": 20,
      "lgd": 20
    },
    "num_thresholds": 40
  },
  "amota": 0.3523611370222475,
  "amotp": 1.3943296921040271,
  "recall": 0.4871106227448387,
  "motar": 0.8344850743737846,
  "gt": 685.5714285714286,
  "mota": 0.3695953018190034,
  "motp": 0.7219406060578011,
  "mt": 73.0,
  "ml": 78.0,
  "faf": 33.339280355775514,
  "tp": 2482.0,
  "fp": 290.0,
  "fn": 2027.0,
  "ids": 290.0,
  "frag": 144.0,
  "tid": 1.596970960526486,
  "lgd": 2.139824386175866,
  "meta": {
    "use_camera": true,
    "use_lidar": false,
    "use_radar": true,
    "use_map": false,
    "use_external": false
  }
}