{
  "label_metrics": {
    "amota": {
      "bicycle": 0.17348761170917368,
      "bus": 0.5334876929495203,
      "car": 0.5443387272325506,
      "motorcycle": 0.36157682594786245,
      "pedestrian": 0.25025248658372984,
      "trailer": 0.0,
      "truck": 0.08210603585603586
    },
    "amotp": {
      "bicycle": 1.3827192421288885,
      "bus": 1.3119340121549727,
      "car": 1.0496804475010368,
      "motorcycle": 1.4497629825722973,
      "pedestrian": 1.2421813768901564,
      "trailer": 2.0,
      "truck": 1.4133464762162227
    },
    "recall": {
      "bicycle": 0.20689655172413793,
      "bus": 0.5930232558139535,
      "car": 0.6456577500916086,
      "motorcycle": 0.4495798319327731,
      "pedestrian": 0.4897959183673469,
      "trailer": 0.0,
      "truck": 0.4350282485875706
    },
    "motar": {
      "bicycle": 0.8333333333333334,
      "bus": 0.980392156862745,
      "car": 0.9209107249850211,
      "motorcycle": 0.9306930693069306,
      "pedestrian": 0.6376360808709174,
      "trailer": 0.0,
      "truck": 0.4189189189189191
    },
    "gt": {
      "bicycle": 58.0,
      "bus": 86.0,
      "car": 2729.0,
      "motorcycle": 238.0,
      "pedestrian": 1470.0,
      "trailer": 41.0,
      "truck": 177.0
    },
    "mota": {
      "bicycle": 0.1724137931034483,
      "bus": 0.5813953488372092,
      "car": 0.5632099670208868,
      "motorcycle": 0.39495798319327735,
      "pedestrian": 0.2789115646258503,
      "trailer": 0.0,
      "truck": 0.17514124293785316
    },
    "motp": {
      "bicycle": 0.7275533309427065,
      "bus": 0.6825197086130472,
      "car": 0.406021425866928,
      "motorcycle": 0.5460556242638165,
      "pedestrian": 0.8252920830448176,
      "trailer": 2.0,
      "truck": 0.44324207626384016
    },
    "mt": {
      "bicycle": 0.0,
      "bus": 2.0,
      "car": 57.0,
      "motorcycle": 1.0,
      "pedestrian": 17.0,
      "trailer": 0.0,
      "truck": 0.0
    },
    "ml": {
      "bicycle": 5.0,
      "bus": 0.0,
      "car": 32.0,
      "motorcycle": 4.0,
      "pedestrian": 34.0,
      "trailer": 1.0,
      "truck": 4.0
    },
    "faf": {
      "bicycle": 5.128205128205128,
      "bus": 1.5625,
      "car": 81.48148148148148,
      "motorcycle": 11.11111111111111,
      "pedestrian": 177.86259541984734,
      "trailer": 500.0,
      "truck": 36.134453781512605
    },
    "tp": {
      "bicycle": 12.0,
      "bus": 51.0,
      "car": 1669.0,
      "motorcycle": 101.0,
      "pedestrian": 643.0,
      "trailer": 0.0,
      "truck": 74.0
    },
    "fp": {
      "bicycle": 2.0,
      "bus": 1.0,
      "car": 132.0,
      "motorcycle": 7.0,
      "pedestrian": 233.0,
      "trailer": NaN,
      "truck": 43.0
    },
    "fn": {
      "bicycle": 46.0,
      "bus": 35.0,
      "car": 967.0,
      "motorcycle": 131.0,
      "pedestrian": 750.0,
      "trailer": 41.0,
      "truck": 100.0
    },
    "ids": {
      "bicycle": 0.0,
      "bus": 0.0,
      "car": 93.0,
      "motorcycle": 6.0,
      "pedestrian": 77.0,
      "trailer": NaN,
      "truck": 3.0
    },
    "frag": {
      "bicycle": 0.0,
      "bus": 1.0,
      "car": 70.0,
      "motorcycle": 5.0,
      "pedestrian": 42.0,
      "trailer": NaN,
      "truck": 1.0
    },
    "tid": {
      "bicycle": 1.1666666666666667,
      "bus": 1.6,
      "car": 1.531496062992126,
      "motorcycle": 3.3333333333333335,
      "pedestrian": 1.5344827586206897,
      "trailer": 20.0,
      "truck": 1.7
    },
    "lgd": {
      "bicycle": 1.8333333333333333,
      "bus": 2.5,
      "car": 2.0866141732283463,
      "motorcycle": 3.888888888888889,
      "pedestrian": 3.25,
      "trailer": 20.0,
      "truck": 3.2
    }
  },
  "eval_time": 35.011131286621094,
  "cfg": {
    "tracking_names": [
      "bicycle",
      "bus",
      "car",
      "motorcycle",
      "pedestrian",
      "trailer",
      "truck"
    ],
    "pretty_tracking_names": {
      "bicycle": "Bicycle",
      "bus": "Bus",
      "car": "Car",
      "motorcycle": "Motorcycle",
      "pedestrian": "Pedestrian",
      "trailer": "Trailer",
      "truck": "Truck"
    },
    "tracking_colors": {
      "bicycle": "C9",
      "bus": "C2",
      "car": "C0",
      "motorcycle": "C6",
      "pedestrian": "C5",
      "trailer": "C3",
      "truck": "C1"
    },
    "class_range": {
      "car": 50,
      "truck": 50,
      "bus": 50,
      "trailer": 50,
      "pedestrian": 40,
      "motorcycle": 40,
      "bicycle": 40
    },
    "dist_fcn": "center_distance",
    "dist_th_tp": 2.0,
    "min_recall": 0.1,
    "max_boxes_per_sample": 600,
    "metric_worst": {
      "amota": 0.0,
      "amotp": 2.0,
      "recall": 0.0,
      "motar": 0.0,
      "mota": 0.0,
      "motp": 2.0,
      "mt": 0.0,
      "ml": -1.0,
      "faf": 500,
      "gt": -1,
      "tp": 0.0,
      "fp": -1.0,
      "fn": -1.0,
      "ids": -1.0,
      "frag": -1.0,
      "tid": 20,
      "lgd": 20
    },
    "num_thresholds": 40
  },
  "amota": 0.27789276861126755,
  "amotp": 1.4070892196376534,
  "recall": 0.40285450807391293,
  "motar": 0.6745548977539809,
  "gt": 685.5714285714286,
  "mota": 0.30943284281693223,
  "motp": 0.8043834641421652,
  "mt": 77.0,
  "ml": 80.0,
  "faf": 116.18290670316537,
  "tp": 2550.0,
  "fp": 418.0,
  "fn": 2070.0,
  "ids": 179.0,
  "frag": 119.0,
  "tid": 4.409425545944688,
  "lgd": 5.251262342207225,
  "meta": {
    "use_camera": true,
    "use_lidar": false,
    "use_radar": true,
    "use_map": false,
    "use_external": false
  }
}