{
  "label_metrics": {
    "amota": {
      "bicycle": 0.22464497214925555,
      "bus": 0.5822003897272663,
      "car": 0.4525833934383128,
      "motorcycle": 0.3295746900601179,
      "pedestrian": 0.16889395607573848,
      "trailer": 0.0503827959932467,
      "truck": 0.19056953239662713
    },
    "amotp": {
      "bicycle": 1.4247057963733334,
      "bus": 1.1067072620850964,
      "car": 0.9809661538103555,
      "motorcycle": 1.3113723523402665,
      "pedestrian": 1.7215991226002174,
      "trailer": 1.5092812951408265,
      "truck": 1.4559825780038675
    },
    "recall": {
      "bicycle": 0.4631209232313096,
      "bus": 0.6231060606060606,
      "car": 0.6637172694068625,
      "motorcycle": 0.3915022761760243,
      "pedestrian": 0.3766274633206152,
      "trailer": 0.19051546391752577,
      "truck": 0.4555440414507772
    },
    "motar": {
      "bicycle": 0.45322939866369716,
      "bus": 0.8199233716475096,
      "car": 0.6862327769687465,
      "motorcycle": 0.7542483660130719,
      "pedestrian": 0.6746052983676746,
      "trailer": 0.3755458515283844,
      "truck": 0.5504273504273505
    },
    "gt": {
      "bicycle": 1993.0,
      "bus": 2112.0,
      "car": 58317.0,
      "motorcycle": 1977.0,
      "pedestrian": 25423.0,
      "trailer": 2425.0,
      "truck": 9650.0
    },
    "mota": {
      "bicycle": 0.20421475163070746,
      "bus": 0.5066287878787878,
      "car": 0.4201862235711713,
      "motorcycle": 0.2918563480020233,
      "pedestrian": 0.19832435196475628,
      "trailer": 0.07092783505154643,
      "truck": 0.23357512953367876
    },
    "motp": {
      "bicycle": 0.5077312524511457,
      "bus": 0.6989482622785459,
      "car": 0.41717835851840485,
      "motorcycle": 0.45728144715534397,
      "pedestrian": 0.7731261154601827,
      "trailer": 0.9520579901414374,
      "truck": 0.5574485770700195
    },
    "mt": {
      "bicycle": 32.0,
      "bus": 45.0,
      "car": 1625.0,
      "motorcycle": 25.0,
      "pedestrian": 189.0,
      "trailer": 13.0,
      "truck": 125.0
    },
    "ml": {
      "bicycle": 65.0,
      "bus": 39.0,
      "car": 1137.0,
      "motorcycle": 75.0,
      "pedestrian": 881.0,
      "trailer": 113.0,
      "truck": 222.0
    },
    "faf": {
      "bicycle": 32.79893119572478,
      "bus": 14.742785445420326,
      "car": 194.1094941094941,
      "motorcycle": 14.124718256949661,
      "pedestrian": 56.8755846585594,
      "trailer": 29.006085192697768,
      "truck": 49.0018631887144
    },
    "tp": {
      "bicycle": 898.0,
      "bus": 1305.0,
      "car": 35708.0,
      "motorcycle": 765.0,
      "pedestrian": 7474.0,
      "trailer": 458.0,
      "truck": 4095.0
    },
    "fp": {
      "bicycle": 491.0,
      "bus": 235.0,
      "car": 11204.0,
      "motorcycle": 188.0,
      "pedestrian": 2432.0,
      "trailer": 286.0,
      "truck": 1841.0
    },
    "fn": {
      "bicycle": 1070.0,
      "bus": 796.0,
      "car": 19611.0,
      "motorcycle": 1203.0,
      "pedestrian": 15848.0,
      "trailer": 1963.0,
      "truck": 5254.0
    },
    "ids": {
      "bicycle": 25.0,
      "bus": 11.0,
      "car": 2998.0,
      "motorcycle": 9.0,
      "pedestrian": 2101.0,
      "trailer": 4.0,
      "truck": 301.0
    },
    "frag": {
      "bicycle": 5.0,
      "bus": 27.0,
      "car": 1205.0,
      "motorcycle": 9.0,
      "pedestrian": 495.0,
      "trailer": 10.0,
      "truck": 216.0
    },
    "tid": {
      "bicycle": 1.9545454545454546,
      "bus": 1.3972602739726028,
      "car": 0.9091424253872308,
      "motorcycle": 2.8333333333333335,
      "pedestrian": 2.2405812701829926,
      "trailer": 1.625,
      "truck": 1.8071625344352618
    },
    "lgd": {
      "bicycle": 2.4242424242424243,
      "bus": 1.9657534246575343,
      "car": 1.4002644503211183,
      "motorcycle": 3.242424242424242,
      "pedestrian": 3.252960172228202,
      "trailer": 3.3333333333333335,
      "truck": 2.899449035812672
    }
  },
  "eval_time": 1595.6362528800964,
  "cfg": {
    "tracking_names": [
      "bicycle",
      "bus",
      "car",
      "motorcycle",
      "pedestrian",
      "trailer",
      "truck"
    ],
    "pretty_tracking_names": {
      "bicycle": "Bicycle",
      "bus": "Bus",
      "car": "Car",
      "motorcycle": "Motorcycle",
      "pedestrian": "Pedestrian",
      "trailer": "Trailer",
      "truck": "Truck"
    },
    "tracking_colors": {
      "bicycle": "C9",
      "bus": "C2",
      "car": "C0",
      "motorcycle": "C6",
      "pedestrian": "C5",
      "trailer": "C3",
      "truck": "C1"
    },
    "class_range": {
      "car": 50,
      "truck": 50,
      "bus": 50,
      "trailer": 50,
      "pedestrian": 40,
      "motorcycle": 40,
      "bicycle": 40
    },
    "dist_fcn": "center_distance",
    "dist_th_tp": 2.0,
    "min_recall": 0.1,
    "max_boxes_per_sample": 600,
    "metric_worst": {
      "amota": 0.0,
      "amotp": 2.0,
      "recall": 0.0,
      "motar": 0.0,
      "mota": 0.0,
      "motp": 2.0,
      "mt": 0.0,
      "ml": -1.0,
      "faf": 500,
      "gt": -1,
      "tp": 0.0,
      "fp": -1.0,
      "fn": -1.0,
      "ids": -1.0,
      "frag": -1.0,
      "tid": 20,
      "lgd": 20
    },
    "num_thresholds": 40
  },
  "amota": 0.285549961405795,
  "amotp": 1.358659222907709,
  "recall": 0.45201907115845363,
  "motar": 0.6163160590880621,
  "gt": 14556.714285714286,
  "mota": 0.27510191823323876,
  "motp": 0.6233960004392971,
  "mt": 2054.0,
  "ml": 2532.0,
  "faf": 55.80849457822292,
  "tp": 50703.0,
  "fp": 16677.0,
  "fn": 45745.0,
  "ids": 5449.0,
  "frag": 1967.0,
  "tid": 1.8238607559795539,
  "lgd": 2.645489583288504,
  "meta": {
    "use_camera": true,
    "use_lidar": false,
    "use_radar": true,
    "use_map": false,
    "use_external": false
  }
}