{
  "label_metrics": {
    "amota": {
      "bicycle": 0.0,
      "bus": 0.5334893957583032,
      "car": 0.5384319493707703,
      "motorcycle": 0.3611943779467581,
      "pedestrian": 0.24581390760100646,
      "trailer": 0.0,
      "truck": 0.0
    },
    "amotp": {
      "bicycle": 2.0,
      "bus": 1.310675540777043,
      "car": 1.047789653294515,
      "motorcycle": 1.4419812457844325,
      "pedestrian": 1.215985004631611,
      "trailer": 2.0,
      "truck": 2.0
    },
    "recall": {
      "bicycle": 0.0,
      "bus": 0.5930232558139535,
      "car": 0.6361304507145474,
      "motorcycle": 0.453781512605042,
      "pedestrian": 0.5,
      "trailer": 0.0,
      "truck": 0.0
    },
    "motar": {
      "bicycle": 0.0,
      "bus": 0.980392156862745,
      "car": 0.922754491017964,
      "motorcycle": 0.9405940594059405,
      "pedestrian": 0.5950540958268933,
      "trailer": 0.0,
      "truck": 0.0
    },
    "gt": {
      "bicycle": 58.0,
      "bus": 86.0,
      "car": 2729.0,
      "motorcycle": 238.0,
      "pedestrian": 1470.0,
      "trailer": 41.0,
      "truck": 177.0
    },
    "mota": {
      "bicycle": 0.0,
      "bus": 0.5813953488372092,
      "car": 0.5646757053865885,
      "motorcycle": 0.39915966386554624,
      "pedestrian": 0.26190476190476186,
      "trailer": 0.0,
      "truck": 0.0
    },
    "motp": {
      "bicycle": 2.0,
      "bus": 0.6825197086130473,
      "car": 0.4017751667432901,
      "motorcycle": 0.555679319576281,
      "pedestrian": 0.8438763080798374,
      "trailer": 2.0,
      "truck": 2.0
    },
    "mt": {
      "bicycle": 0.0,
      "bus": 2.0,
      "car": 55.0,
      "motorcycle": 1.0,
      "pedestrian": 19.0,
      "trailer": 0.0,
      "truck": 0.0
    },
    "ml": {
      "bicycle": 8.0,
      "bus": 0.0,
      "car": 39.0,
      "motorcycle": 4.0,
      "pedestrian": 36.0,
      "trailer": 1.0,
      "truck": 9.0
    },
    "faf": {
      "bicycle": 500.0,
      "bus": 1.5625,
      "car": 79.62962962962963,
      "motorcycle": 9.523809523809524,
      "pedestrian": 200.0,
      "trailer": 500.0,
      "truck": 500.0
    },
    "tp": {
      "bicycle": 0.0,
      "bus": 51.0,
      "car": 1670.0,
      "motorcycle": 101.0,
      "pedestrian": 647.0,
      "trailer": 0.0,
      "truck": 0.0
    },
    "fp": {
      "bicycle": NaN,
      "bus": 1.0,
      "car": 129.0,
      "motorcycle": 6.0,
      "pedestrian": 262.0,
      "trailer": NaN,
      "truck": NaN
    },
    "fn": {
      "bicycle": 58.0,
      "bus": 35.0,
      "car": 993.0,
      "motorcycle": 130.0,
      "pedestrian": 735.0,
      "trailer": 41.0,
      "truck": 177.0
    },
    "ids": {
      "bicycle": NaN,
      "bus": 0.0,
      "car": 66.0,
      "motorcycle": 7.0,
      "pedestrian": 88.0,
      "trailer": NaN,
      "truck": NaN
    },
    "frag": {
      "bicycle": NaN,
      "bus": 1.0,
      "car": 66.0,
      "motorcycle": 7.0,
      "pedestrian": 44.0,
      "trailer": NaN,
      "truck": NaN
    },
    "tid": {
      "bicycle": 20.0,
      "bus": 1.6,
      "car": 1.525,
      "motorcycle": 3.2777777777777777,
      "pedestrian": 1.5178571428571428,
      "trailer": 20.0,
      "truck": 20.0
    },
    "lgd": {
      "bicycle": 20.0,
      "bus": 2.5,
      "car": 2.158333333333333,
      "motorcycle": 3.4444444444444446,
      "pedestrian": 2.9285714285714284,
      "trailer": 20.0,
      "truck": 20.0
    }
  },
  "eval_time": 34.91447734832764,
  "cfg": {
    "tracking_names": [
      "bicycle",
      "bus",
      "car",
      "motorcycle",
      "pedestrian",
      "trailer",
      "truck"
    ],
    "pretty_tracking_names": {
      "bicycle": "Bicycle",
      "bus": "Bus",
      "car": "Car",
      "motorcycle": "Motorcycle",
      "pedestrian": "Pedestrian",
      "trailer": "Trailer",
      "truck": "Truck"
    },
    "tracking_colors": {
      "bicycle": "C9",
      "bus": "C2",
      "car": "C0",
      "motorcycle": "C6",
      "pedestrian": "C5",
      "trailer": "C3",
      "truck": "C1"
    },
    "class_range": {
      "car": 50,
      "truck": 50,
      "bus": 50,
      "trailer": 50,
      "pedestrian": 40,
      "motorcycle": 40,
      "bicycle": 40
    },
    "dist_fcn": "center_distance",
    "dist_th_tp": 2.0,
    "min_recall": 0.1,
    "max_boxes_per_sample": 600,
    "metric_worst": {
      "amota": 0.0,
      "amotp": 2.0,
      "recall": 0.0,
      "motar": 0.0,
      "mota": 0.0,
      "motp": 2.0,
      "mt": 0.0,
      "ml": -1.0,
      "faf": 500,
      "gt": -1,
      "tp": 0.0,
      "fp": -1.0,
      "fn": -1.0,
      "ids": -1.0,
      "frag": -1.0,
      "tid": 20,
      "lgd": 20
    },
    "num_thresholds": 40
  },
  "amota": 0.23984709009669114,
  "amotp": 1.573775920641086,
  "recall": 0.311847888447649,
  "motar": 0.49125640044479185,
  "gt": 685.5714285714286,
  "mota": 0.25816221142772944,
  "motp": 1.2119786432874935,
  "mt": 77.0,
  "ml": 97.0,
  "faf": 255.8165627362056,
  "tp": 2469.0,
  "fp": 398.0,
  "fn": 2169.0,
  "ids": 161.0,
  "frag": 118.0,
  "tid": 9.702947845804989,
  "lgd": 10.147335600907029,
  "meta": {
    "use_camera": true,
    "use_lidar": false,
    "use_radar": true,
    "use_map": false,
    "use_external": false
  }
}