{
  "label_metrics": {
    "amota": {
      "bicycle": 0.30700717243499887,
      "bus": 0.6614761172730896,
      "car": 0.6348530406319951,
      "motorcycle": 0.441061818091797,
      "pedestrian": 0.2381364240578967,
      "trailer": 0.08064196554128837,
      "truck": 0.28151292936752986
    },
    "amotp": {
      "bicycle": 1.34489076668716,
      "bus": 1.0036271872643325,
      "car": 0.7935150164570307,
      "motorcycle": 1.163945559011506,
      "pedestrian": 1.5987011451986484,
      "trailer": 1.4121295261343232,
      "truck": 1.3660638979851443
    },
    "recall": {
      "bicycle": 0.5117912694430506,
      "bus": 0.7069128787878788,
      "car": 0.7079067853284634,
      "motorcycle": 0.5842185128983308,
      "pedestrian": 0.37261534830665144,
      "trailer": 0.1847422680412371,
      "truck": 0.48424870466321246
    },
    "motar": {
      "bicycle": 0.54,
      "bus": 0.8323232323232324,
      "car": 0.8303736949946336,
      "motorcycle": 0.6476868327402135,
      "pedestrian": 0.7990397001990865,
      "trailer": 0.5910112359550561,
      "truck": 0.6999339061467283
    },
    "gt": {
      "bicycle": 1993.0,
      "bus": 2112.0,
      "car": 58317.0,
      "motorcycle": 1977.0,
      "pedestrian": 25423.0,
      "trailer": 2425.0,
      "truck": 9650.0
    },
    "mota": {
      "bicycle": 0.2709483191169092,
      "bus": 0.5852272727272727,
      "car": 0.5837405902224051,
      "motorcycle": 0.3682346990389479,
      "pedestrian": 0.2683790268654368,
      "trailer": 0.10845360824742267,
      "truck": 0.3292227979274611
    },
    "motp": {
      "bicycle": 0.5168447433316271,
      "bus": 0.6364505699004857,
      "car": 0.37896748561964294,
      "motorcycle": 0.5152903364806539,
      "pedestrian": 0.5836743695200212,
      "trailer": 0.9655642508928778,
      "truck": 0.5148929401448316
    },
    "mt": {
      "bicycle": 38.0,
      "bus": 61.0,
      "car": 1922.0,
      "motorcycle": 46.0,
      "pedestrian": 193.0,
      "trailer": 17.0,
      "truck": 155.0
    },
    "ml": {
      "bicycle": 58.0,
      "bus": 29.0,
      "car": 1072.0,
      "motorcycle": 41.0,
      "pedestrian": 890.0,
      "trailer": 112.0,
      "truck": 213.0
    },
    "faf": {
      "bicycle": 30.707610146862486,
      "bus": 15.2200488997555,
      "car": 120.39473684210526,
      "motorcycle": 29.398663697104677,
      "pedestrian": 40.121580547112465,
      "trailer": 18.2,
      "truck": 36.28129994672349
    },
    "tp": {
      "bicycle": 1000.0,
      "bus": 1485.0,
      "car": 40996.0,
      "motorcycle": 1124.0,
      "pedestrian": 8539.0,
      "trailer": 445.0,
      "truck": 4539.0
    },
    "fp": {
      "bicycle": 460.0,
      "bus": 249.0,
      "car": 6954.0,
      "motorcycle": 396.0,
      "pedestrian": 1716.0,
      "trailer": 182.0,
      "truck": 1362.0
    },
    "fn": {
      "bicycle": 973.0,
      "bus": 619.0,
      "car": 17034.0,
      "motorcycle": 822.0,
      "pedestrian": 15950.0,
      "trailer": 1977.0,
      "truck": 4977.0
    },
    "ids": {
      "bicycle": 20.0,
      "bus": 8.0,
      "car": 287.0,
      "motorcycle": 31.0,
      "pedestrian": 934.0,
      "trailer": 3.0,
      "truck": 134.0
    },
    "frag": {
      "bicycle": 5.0,
      "bus": 16.0,
      "car": 282.0,
      "motorcycle": 13.0,
      "pedestrian": 429.0,
      "trailer": 1.0,
      "truck": 102.0
    },
    "tid": {
      "bicycle": 1.875,
      "bus": 0.8395061728395061,
      "car": 0.8177934621099554,
      "motorcycle": 2.033333333333333,
      "pedestrian": 2.291935483870968,
      "trailer": 0.6666666666666666,
      "truck": 1.7859116022099448
    },
    "lgd": {
      "bicycle": 2.201923076923077,
      "bus": 1.3209876543209877,
      "car": 1.2353268945022289,
      "motorcycle": 2.5476190476190474,
      "pedestrian": 3.2876344086021505,
      "trailer": 1.5714285714285714,
      "truck": 2.7748618784530388
    }
  },
  "eval_time": 1777.2577571868896,
  "cfg": {
    "tracking_names": [
      "bicycle",
      "bus",
      "car",
      "motorcycle",
      "pedestrian",
      "trailer",
      "truck"
    ],
    "pretty_tracking_names": {
      "bicycle": "Bicycle",
      "bus": "Bus",
      "car": "Car",
      "motorcycle": "Motorcycle",
      "pedestrian": "Pedestrian",
      "trailer": "Trailer",
      "truck": "Truck"
    },
    "tracking_colors": {
      "bicycle": "C9",
      "bus": "C2",
      "car": "C0",
      "motorcycle": "C6",
      "pedestrian": "C5",
      "trailer": "C3",
      "truck": "C1"
    },
    "class_range": {
      "car": 50,
      "truck": 50,
      "bus": 50,
      "trailer": 50,
      "pedestrian": 40,
      "motorcycle": 40,
      "bicycle": 40
    },
    "dist_fcn": "center_distance",
    "dist_th_tp": 2.0,
    "min_recall": 0.1,
    "max_boxes_per_sample": 600,
    "metric_worst": {
      "amota": 0.0,
      "amotp": 2.0,
      "recall": 0.0,
      "motar": 0.0,
      "mota": 0.0,
      "motp": 2.0,
      "mt": 0.0,
      "ml": -1.0,
      "faf": 500,
      "gt": -1,
      "tp": 0.0,
      "fp": -1.0,
      "fn": -1.0,
      "ids": -1.0,
      "frag": -1.0,
      "tid": 20,
      "lgd": 20
    },
    "num_thresholds": 40
  },
  "amota": 0.3778127810569422,
  "amotp": 1.2404104426768776,
  "recall": 0.5074908239241178,
  "motar": 0.7057669431941358,
  "gt": 14556.714285714286,
  "mota": 0.35917233059226505,
  "motp": 0.5873835279843057,
  "mt": 2432.0,
  "ml": 2415.0,
  "faf": 41.47484858280912,
  "tp": 58128.0,
  "fp": 11319.0,
  "fn": 42352.0,
  "ids": 1417.0,
  "frag": 848.0,
  "tid": 1.4728781030043392,
  "lgd": 2.1342545045498715,
  "meta": {
    "use_camera": true,
    "use_lidar": false,
    "use_radar": true,
    "use_map": false,
    "use_external": false
  }
}