{
  "label_metrics": {
    "amota": {
      "bicycle": 0.3318231368186874,
      "bus": 0.5334876929495203,
      "car": 0.5435997210258028,
      "motorcycle": 0.3613314280443797,
      "pedestrian": 0.2631227126585775,
      "trailer": 0.0,
      "truck": 0.08158920893295896
    },
    "amotp": {
      "bicycle": 1.345036450372379,
      "bus": 1.3119340121549727,
      "car": 1.050584074181732,
      "motorcycle": 1.443192458712498,
      "pedestrian": 1.23602222484298,
      "trailer": 2.0,
      "truck": 1.4133759434305817
    },
    "recall": {
      "bicycle": 0.41379310344827586,
      "bus": 0.5930232558139535,
      "car": 0.6456577500916086,
      "motorcycle": 0.47478991596638653,
      "pedestrian": 0.5578231292517006,
      "trailer": 0.0,
      "truck": 0.4350282485875706
    },
    "motar": {
      "bicycle": 0.75,
      "bus": 0.980392156862745,
      "car": 0.9209107249850211,
      "motorcycle": 0.9320388349514563,
      "pedestrian": 0.5048275862068965,
      "trailer": 0.0,
      "truck": 0.4189189189189191
    },
    "gt": {
      "bicycle": 58.0,
      "bus": 86.0,
      "car": 2729.0,
      "motorcycle": 238.0,
      "pedestrian": 1470.0,
      "trailer": 41.0,
      "truck": 177.0
    },
    "mota": {
      "bicycle": 0.31034482758620685,
      "bus": 0.5813953488372092,
      "car": 0.5632099670208868,
      "motorcycle": 0.40336134453781514,
      "pedestrian": 0.24897959183673468,
      "trailer": 0.0,
      "truck": 0.17514124293785316
    },
    "motp": {
      "bicycle": 0.7436851212360519,
      "bus": 0.6825197086130472,
      "car": 0.406021425866928,
      "motorcycle": 0.5863207330717205,
      "pedestrian": 0.7828841577596944,
      "trailer": 2.0,
      "truck": 0.44324207626384016
    },
    "mt": {
      "bicycle": 1.0,
      "bus": 2.0,
      "car": 57.0,
      "motorcycle": 1.0,
      "pedestrian": 22.0,
      "trailer": 0.0,
      "truck": 0.0
    },
    "ml": {
      "bicycle": 5.0,
      "bus": 0.0,
      "car": 32.0,
      "motorcycle": 3.0,
      "pedestrian": 31.0,
      "trailer": 1.0,
      "truck": 4.0
    },
    "faf": {
      "bicycle": 14.285714285714285,
      "bus": 1.5625,
      "car": 81.48148148148148,
      "motorcycle": 11.11111111111111,
      "pedestrian": 274.0458015267175,
      "trailer": 500.0,
      "truck": 36.134453781512605
    },
    "tp": {
      "bicycle": 24.0,
      "bus": 51.0,
      "car": 1669.0,
      "motorcycle": 103.0,
      "pedestrian": 725.0,
      "trailer": 0.0,
      "truck": 74.0
    },
    "fp": {
      "bicycle": 6.0,
      "bus": 1.0,
      "car": 132.0,
      "motorcycle": 7.0,
      "pedestrian": 359.0,
      "trailer": NaN,
      "truck": 43.0
    },
    "fn": {
      "bicycle": 34.0,
      "bus": 35.0,
      "car": 967.0,
      "motorcycle": 125.0,
      "pedestrian": 650.0,
      "trailer": 41.0,
      "truck": 100.0
    },
    "ids": {
      "bicycle": 0.0,
      "bus": 0.0,
      "car": 93.0,
      "motorcycle": 10.0,
      "pedestrian": 95.0,
      "trailer": NaN,
      "truck": 3.0
    },
    "frag": {
      "bicycle": 1.0,
      "bus": 1.0,
      "car": 70.0,
      "motorcycle": 8.0,
      "pedestrian": 41.0,
      "trailer": NaN,
      "truck": 1.0
    },
    "tid": {
      "bicycle": 0.5,
      "bus": 1.6,
      "car": 1.531496062992126,
      "motorcycle": 3.2777777777777777,
      "pedestrian": 1.087719298245614,
      "trailer": 20.0,
      "truck": 1.7
    },
    "lgd": {
      "bicycle": 1.6666666666666667,
      "bus": 2.5,
      "car": 2.0866141732283463,
      "motorcycle": 3.388888888888889,
      "pedestrian": 2.5526315789473686,
      "trailer": 20.0,
      "truck": 3.2
    }
  },
  "eval_time": 35.46000695228577,
  "cfg": {
    "tracking_names": [
      "bicycle",
      "bus",
      "car",
      "motorcycle",
      "pedestrian",
      "trailer",
      "truck"
    ],
    "pretty_tracking_names": {
      "bicycle": "Bicycle",
      "bus": "Bus",
      "car": "Car",
      "motorcycle": "Motorcycle",
      "pedestrian": "Pedestrian",
      "trailer": "Trailer",
      "truck": "Truck"
    },
    "tracking_colors": {
      "bicycle": "C9",
      "bus": "C2",
      "car": "C0",
      "motorcycle": "C6",
      "pedestrian": "C5",
      "trailer": "C3",
      "truck": "C1"
    },
    "class_range": {
      "car": 50,
      "truck": 50,
      "bus": 50,
      "trailer": 50,
      "pedestrian": 40,
      "motorcycle": 40,
      "bicycle": 40
    },
    "dist_fcn": "center_distance",
    "dist_th_tp": 2.0,
    "min_recall": 0.1,
    "max_boxes_per_sample": 600,
    "metric_worst": {
      "amota": 0.0,
      "amotp": 2.0,
      "recall": 0.0,
      "motar": 0.0,
      "mota": 0.0,
      "motp": 2.0,
      "mt": 0.0,
      "ml": -1.0,
      "faf": 500,
      "gt": -1,
      "tp": 0.0,
      "fp": -1.0,
      "fn": -1.0,
      "ids": -1.0,
      "frag": -1.0,
      "tid": 20,
      "lgd": 20
    },
    "num_thresholds": 40
  },
  "amota": 0.30213627148998956,
  "amotp": 1.4000207376707348,
  "recall": 0.445730771879928,
  "motar": 0.6438697459892911,
  "gt": 685.5714285714286,
  "mota": 0.3260617603938151,
  "motp": 0.8063818889730403,
  "mt": 83.0,
  "ml": 76.0,
  "faf": 131.23158031236244,
  "tp": 2646.0,
  "fp": 548.0,
  "fn": 1952.0,
  "ids": 201.0,
  "frag": 122.0,
  "tid": 4.242427591287931,
  "lgd": 5.056400186818753,
  "meta": {
    "use_camera": true,
    "use_lidar": false,
    "use_radar": true,
    "use_map": false,
    "use_external": false
  }
}