{
  "label_metrics": {
    "amota": {
      "bicycle": 0.2551282051282051,
      "bus": 0.7747408097854527,
      "car": 0.647090778273393,
      "motorcycle": 0.4074948172395155,
      "pedestrian": 0.40244128193608086,
      "trailer": 0.7445175438596492,
      "truck": 0.36598172214622277
    },
    "amotp": {
      "bicycle": 1.0347599412140898,
      "bus": 0.9000987336578689,
      "car": 0.8420895333005818,
      "motorcycle": 1.3483734731764963,
      "pedestrian": 1.342740037636218,
      "trailer": 1.8333131383482146,
      "truck": 1.3049403207895298
    },
    "recall": {
      "bicycle": 0.4482758620689655,
      "bus": 0.8372093023255814,
      "car": 0.7152803224624404,
      "motorcycle": 0.5840336134453782,
      "pedestrian": 0.5986394557823129,
      "trailer": 0.9512195121951219,
      "truck": 0.480225988700565
    },
    "motar": {
      "bicycle": 0.6538461538461539,
      "bus": 0.9305555555555555,
      "car": 0.8635892116182573,
      "motorcycle": 0.6875,
      "pedestrian": 0.714656290531777,
      "trailer": 0.8684210526315789,
      "truck": 0.9166666666666665
    },
    "gt": {
      "bicycle": 58.0,
      "bus": 86.0,
      "car": 2729.0,
      "motorcycle": 238.0,
      "pedestrian": 1470.0,
      "trailer": 41.0,
      "truck": 177.0
    },
    "mota": {
      "bicycle": 0.2931034482758621,
      "bus": 0.7790697674418605,
      "car": 0.6101135947233418,
      "motorcycle": 0.3697478991596639,
      "pedestrian": 0.37482993197278913,
      "trailer": 0.8048780487804879,
      "truck": 0.4350282485875706
    },
    "motp": {
      "bicycle": 0.5759099874650413,
      "bus": 0.6792547965663622,
      "car": 0.38412486417532515,
      "motorcycle": 0.689989654728054,
      "pedestrian": 0.6429041471407124,
      "trailer": 1.775279130441641,
      "truck": 0.39136409160154195
    },
    "mt": {
      "bicycle": 2.0,
      "bus": 3.0,
      "car": 74.0,
      "motorcycle": 3.0,
      "pedestrian": 19.0,
      "trailer": 1.0,
      "truck": 2.0
    },
    "ml": {
      "bicycle": 5.0,
      "bus": 0.0,
      "car": 34.0,
      "motorcycle": 3.0,
      "pedestrian": 25.0,
      "trailer": 0.0,
      "truck": 4.0
    },
    "faf": {
      "bicycle": 23.684210526315788,
      "bus": 7.8125,
      "car": 162.3456790123457,
      "motorcycle": 63.49206349206349,
      "pedestrian": 169.23076923076923,
      "trailer": 12.195121951219512,
      "truck": 5.932203389830509
    },
    "tp": {
      "bicycle": 26.0,
      "bus": 72.0,
      "car": 1928.0,
      "motorcycle": 128.0,
      "pedestrian": 771.0,
      "trailer": 38.0,
      "truck": 84.0
    },
    "fp": {
      "bicycle": 9.0,
      "bus": 5.0,
      "car": 263.0,
      "motorcycle": 40.0,
      "pedestrian": 220.0,
      "trailer": 5.0,
      "truck": 7.0
    },
    "fn": {
      "bicycle": 32.0,
      "bus": 14.0,
      "car": 777.0,
      "motorcycle": 99.0,
      "pedestrian": 590.0,
      "trailer": 2.0,
      "truck": 92.0
    },
    "ids": {
      "bicycle": 0.0,
      "bus": 0.0,
      "car": 24.0,
      "motorcycle": 11.0,
      "pedestrian": 109.0,
      "trailer": 1.0,
      "truck": 1.0
    },
    "frag": {
      "bicycle": 2.0,
      "bus": 2.0,
      "car": 23.0,
      "motorcycle": 7.0,
      "pedestrian": 37.0,
      "trailer": 2.0,
      "truck": 1.0
    },
    "tid": {
      "bicycle": 1.1666666666666667,
      "bus": 1.0,
      "car": 1.3677685950413223,
      "motorcycle": 2.5555555555555554,
      "pedestrian": 1.8333333333333333,
      "trailer": 0.0,
      "truck": 2.0
    },
    "lgd": {
      "bicycle": 1.3333333333333333,
      "bus": 1.0,
      "car": 1.6818181818181819,
      "motorcycle": 3.0555555555555554,
      "pedestrian": 2.375,
      "trailer": 0.5,
      "truck": 2.75
    }
  },
  "eval_time": 34.98771142959595,
  "cfg": {
    "tracking_names": [
      "bicycle",
      "bus",
      "car",
      "motorcycle",
      "pedestrian",
      "trailer",
      "truck"
    ],
    "pretty_tracking_names": {
      "bicycle": "Bicycle",
      "bus": "Bus",
      "car": "Car",
      "motorcycle": "Motorcycle",
      "pedestrian": "Pedestrian",
      "trailer": "Trailer",
      "truck": "Truck"
    },
    "tracking_colors": {
      "bicycle": "C9",
      "bus": "C2",
      "car": "C0",
      "motorcycle": "C6",
      "pedestrian": "C5",
      "trailer": "C3",
      "truck": "C1"
    },
    "class_range": {
      "car": 50,
      "truck": 50,
      "bus": 50,
      "trailer": 50,
      "pedestrian": 40,
      "motorcycle": 40,
      "bicycle": 40
    },
    "dist_fcn": "center_distance",
    "dist_th_tp": 2.0,
    "min_recall": 0.1,
    "max_boxes_per_sample": 600,
    "metric_worst": {
      "amota": 0.0,
      "amotp": 2.0,
      "recall": 0.0,
      "motar": 0.0,
      "mota": 0.0,
      "motp": 2.0,
      "mt": 0.0,
      "ml": -1.0,
      "faf": 500,
      "gt": -1,
      "tp": 0.0,
      "fp": -1.0,
      "fn": -1.0,
      "ids": -1.0,
      "frag": -1.0,
      "tid": 20,
      "lgd": 20
    },
    "num_thresholds": 40
  },
  "amota": 0.5139135940526456,
  "amotp": 1.2294735968747141,
  "recall": 0.6592691509971951,
  "motar": 0.8050335615499985,
  "gt": 685.5714285714286,
  "mota": 0.5238244198487966,
  "motp": 0.734118096016954,
  "mt": 104.0,
  "ml": 71.0,
  "faf": 63.52750680036346,
  "tp": 3047.0,
  "fp": 549.0,
  "fn": 1606.0,
  "ids": 146.0,
  "frag": 74.0,
  "tid": 1.4176177357995539,
  "lgd": 1.8136724386724385,
  "meta": {
    "use_camera": true,
    "use_lidar": false,
    "use_radar": true,
    "use_map": false,
    "use_external": false
  }
}