{
  "label_metrics": {
    "amota": {
      "bicycle": 0.09739583333333333,
      "bus": 0.5334893957583032,
      "car": 0.5352572292557609,
      "motorcycle": 0.3621034411093786,
      "pedestrian": 0.22331438695917455,
      "trailer": 0.0,
      "truck": 0.0891594413153553
    },
    "amotp": {
      "bicycle": 1.3210865754879793,
      "bus": 1.310675540777043,
      "car": 1.0528113772763343,
      "motorcycle": 1.448715058395461,
      "pedestrian": 1.2300496864323875,
      "trailer": 2.0,
      "truck": 1.3704383892752137
    },
    "recall": {
      "bicycle": 0.5862068965517241,
      "bus": 0.5930232558139535,
      "car": 0.6364968853059729,
      "motorcycle": 0.42857142857142855,
      "pedestrian": 0.3986394557823129,
      "trailer": 0.0,
      "truck": 0.480225988700565
    },
    "motar": {
      "bicycle": 0.3125,
      "bus": 0.980392156862745,
      "car": 0.9213213213213213,
      "motorcycle": 0.9797979797979796,
      "pedestrian": 0.6414728682170543,
      "trailer": 0.0,
      "truck": 0.3950617283950617
    },
    "gt": {
      "bicycle": 58.0,
      "bus": 86.0,
      "car": 2729.0,
      "motorcycle": 238.0,
      "pedestrian": 1470.0,
      "trailer": 41.0,
      "truck": 177.0
    },
    "mota": {
      "bicycle": 0.1724137931034483,
      "bus": 0.5813953488372092,
      "car": 0.5621106632466104,
      "motorcycle": 0.40756302521008403,
      "pedestrian": 0.22517006802721085,
      "trailer": 0.0,
      "truck": 0.1807909604519774
    },
    "motp": {
      "bicycle": 0.67698218839812,
      "bus": 0.6825197086130472,
      "car": 0.4053946231055715,
      "motorcycle": 0.48823457890299027,
      "pedestrian": 0.8594586526234822,
      "trailer": 2.0,
      "truck": 0.47009050017448956
    },
    "mt": {
      "bicycle": 1.0,
      "bus": 2.0,
      "car": 54.0,
      "motorcycle": 1.0,
      "pedestrian": 16.0,
      "trailer": 0.0,
      "truck": 1.0
    },
    "ml": {
      "bicycle": 2.0,
      "bus": 0.0,
      "car": 37.0,
      "motorcycle": 4.0,
      "pedestrian": 43.0,
      "trailer": 1.0,
      "truck": 4.0
    },
    "faf": {
      "bicycle": 51.162790697674424,
      "bus": 1.5625,
      "car": 80.8641975308642,
      "motorcycle": 3.1746031746031744,
      "pedestrian": 140.15151515151516,
      "trailer": 500.0,
      "truck": 41.17647058823529
    },
    "tp": {
      "bicycle": 32.0,
      "bus": 51.0,
      "car": 1665.0,
      "motorcycle": 99.0,
      "pedestrian": 516.0,
      "trailer": 0.0,
      "truck": 81.0
    },
    "fp": {
      "bicycle": 22.0,
      "bus": 1.0,
      "car": 131.0,
      "motorcycle": 2.0,
      "pedestrian": 185.0,
      "trailer": NaN,
      "truck": 49.0
    },
    "fn": {
      "bicycle": 24.0,
      "bus": 35.0,
      "car": 992.0,
      "motorcycle": 136.0,
      "pedestrian": 884.0,
      "trailer": 41.0,
      "truck": 92.0
    },
    "ids": {
      "bicycle": 2.0,
      "bus": 0.0,
      "car": 72.0,
      "motorcycle": 3.0,
      "pedestrian": 70.0,
      "trailer": NaN,
      "truck": 4.0
    },
    "frag": {
      "bicycle": 3.0,
      "bus": 1.0,
      "car": 72.0,
      "motorcycle": 3.0,
      "pedestrian": 44.0,
      "trailer": NaN,
      "truck": 4.0
    },
    "tid": {
      "bicycle": 0.4166666666666667,
      "bus": 1.6,
      "car": 1.462809917355372,
      "motorcycle": 2.375,
      "pedestrian": 1.336734693877551,
      "trailer": 20.0,
      "truck": 1.6666666666666667
    },
    "lgd": {
      "bicycle": 1.0,
      "bus": 2.5,
      "car": 2.0950413223140494,
      "motorcycle": 3.125,
      "pedestrian": 3.520408163265306,
      "trailer": 20.0,
      "truck": 2.5
    }
  },
  "eval_time": 36.52254581451416,
  "cfg": {
    "tracking_names": [
      "bicycle",
      "bus",
      "car",
      "motorcycle",
      "pedestrian",
      "trailer",
      "truck"
    ],
    "pretty_tracking_names": {
      "bicycle": "Bicycle",
      "bus": "Bus",
      "car": "Car",
      "motorcycle": "Motorcycle",
      "pedestrian": "Pedestrian",
      "trailer": "Trailer",
      "truck": "Truck"
    },
    "tracking_colors": {
      "bicycle": "C9",
      "bus": "C2",
      "car": "C0",
      "motorcycle": "C6",
      "pedestrian": "C5",
      "trailer": "C3",
      "truck": "C1"
    },
    "class_range": {
      "car": 50,
      "truck": 50,
      "bus": 50,
      "trailer": 50,
      "pedestrian": 40,
      "motorcycle": 40,
      "bicycle": 40
    },
    "dist_fcn": "center_distance",
    "dist_th_tp": 2.0,
    "min_recall": 0.1,
    "max_boxes_per_sample": 600,
    "metric_worst": {
      "amota": 0.0,
      "amotp": 2.0,
      "recall": 0.0,
      "motar": 0.0,
      "mota": 0.0,
      "motp": 2.0,
      "mt": 0.0,
      "ml": -1.0,
      "faf": 500,
      "gt": -1,
      "tp": 0.0,
      "fp": -1.0,
      "fn": -1.0,
      "ids": -1.0,
      "frag": -1.0,
      "tid": 20,
      "lgd": 20
    },
    "num_thresholds": 40
  },
  "amota": 0.2629599611044723,
  "amotp": 1.390539518234917,
  "recall": 0.446166272960851,
  "motar": 0.6043637220848802,
  "gt": 685.5714285714286,
  "mota": 0.3042062655537915,
  "motp": 0.7975257502596715,
  "mt": 75.0,
  "ml": 91.0,
  "faf": 116.87029673469888,
  "tp": 2444.0,
  "fp": 390.0,
  "fn": 2204.0,
  "ids": 151.0,
  "frag": 127.0,
  "tid": 4.122553992080894,
  "lgd": 4.962921355082765,
  "meta": {
    "use_camera": true,
    "use_lidar": false,
    "use_radar": true,
    "use_map": false,
    "use_external": false
  }
}