{
  "label_metrics": {
    "amota": {
      "bicycle": 0.23088086246007178,
      "bus": 0.5736861254071194,
      "car": 0.451546445362421,
      "motorcycle": 0.32438924565626837,
      "pedestrian": 0.1775682534486228,
      "trailer": 0.11269182394072882,
      "truck": 0.19653783735178373
    },
    "amotp": {
      "bicycle": 1.4786976961585763,
      "bus": 1.137672160723436,
      "car": 1.0536422812205373,
      "motorcycle": 1.3858736056552725,
      "pedestrian": 1.6635887862057301,
      "trailer": 1.5534604389183495,
      "truck": 1.3946201682719743
    },
    "recall": {
      "bicycle": 0.41796287004515803,
      "bus": 0.615530303030303,
      "car": 0.6663580088138965,
      "motorcycle": 0.45624683864441073,
      "pedestrian": 0.43940526295087123,
      "trailer": 0.2181443298969072,
      "truck": 0.5084974093264248
    },
    "motar": {
      "bicycle": 0.6719319562575942,
      "bus": 0.8173374613003097,
      "car": 0.700197461212976,
      "motorcycle": 0.7519818799546999,
      "pedestrian": 0.5051546391752582,
      "trailer": 0.6079545454545459,
      "truck": 0.5068101933216169
    },
    "gt": {
      "bicycle": 1993.0,
      "bus": 2112.0,
      "car": 58317.0,
      "motorcycle": 1977.0,
      "pedestrian": 25423.0,
      "trailer": 2425.0,
      "truck": 9650.0
    },
    "mota": {
      "bicycle": 0.27747114902157555,
      "bus": 0.5,
      "car": 0.4256391789701116,
      "motorcycle": 0.3358624178047547,
      "pedestrian": 0.17346497266254968,
      "trailer": 0.1323711340206185,
      "truck": 0.23906735751295338
    },
    "motp": {
      "bicycle": 0.4673067290974935,
      "bus": 0.6985880888825337,
      "car": 0.4104721150365979,
      "motorcycle": 0.521987194236535,
      "pedestrian": 0.7859763619570111,
      "trailer": 0.916784264112669,
      "truck": 0.5817352784327787
    },
    "mt": {
      "bicycle": 27.0,
      "bus": 44.0,
      "car": 1518.0,
      "motorcycle": 30.0,
      "pedestrian": 270.0,
      "trailer": 20.0,
      "truck": 140.0
    },
    "ml": {
      "bicycle": 73.0,
      "bus": 39.0,
      "car": 974.0,
      "motorcycle": 57.0,
      "pedestrian": 784.0,
      "trailer": 105.0,
      "truck": 195.0
    },
    "faf": {
      "bicycle": 18.776077885952713,
      "bus": 14.833438089252043,
      "car": 184.64211257817928,
      "motorcycle": 16.528301886792455,
      "pedestrian": 100.72277920261132,
      "trailer": 20.909090909090907,
      "truck": 58.939354161197166
    },
    "tp": {
      "bicycle": 823.0,
      "bus": 1292.0,
      "car": 35450.0,
      "motorcycle": 883.0,
      "pedestrian": 8730.0,
      "trailer": 528.0,
      "truck": 4552.0
    },
    "fp": {
      "bicycle": 270.0,
      "bus": 236.0,
      "car": 10628.0,
      "motorcycle": 219.0,
      "pedestrian": 4320.0,
      "trailer": 207.0,
      "truck": 2245.0
    },
    "fn": {
      "bicycle": 1160.0,
      "bus": 812.0,
      "car": 19457.0,
      "motorcycle": 1075.0,
      "pedestrian": 14252.0,
      "trailer": 1896.0,
      "truck": 4743.0
    },
    "ids": {
      "bicycle": 10.0,
      "bus": 8.0,
      "car": 3410.0,
      "motorcycle": 19.0,
      "pedestrian": 2441.0,
      "trailer": 1.0,
      "truck": 355.0
    },
    "frag": {
      "bicycle": 3.0,
      "bus": 24.0,
      "car": 1538.0,
      "motorcycle": 13.0,
      "pedestrian": 475.0,
      "trailer": 8.0,
      "truck": 250.0
    },
    "tid": {
      "bicycle": 2.1166666666666667,
      "bus": 1.62987012987013,
      "car": 1.0432185523541813,
      "motorcycle": 2.5170454545454546,
      "pedestrian": 1.9558252427184466,
      "trailer": 1.6206896551724137,
      "truck": 1.6095360824742269
    },
    "lgd": {
      "bicycle": 2.561111111111111,
      "bus": 2.220779220779221,
      "car": 1.6417779339423753,
      "motorcycle": 2.960227272727273,
      "pedestrian": 2.8854368932038836,
      "trailer": 2.0172413793103448,
      "truck": 2.676546391752577
    }
  },
  "eval_time": 1505.6015768051147,
  "cfg": {
    "tracking_names": [
      "bicycle",
      "bus",
      "car",
      "motorcycle",
      "pedestrian",
      "trailer",
      "truck"
    ],
    "pretty_tracking_names": {
      "bicycle": "Bicycle",
      "bus": "Bus",
      "car": "Car",
      "motorcycle": "Motorcycle",
      "pedestrian": "Pedestrian",
      "trailer": "Trailer",
      "truck": "Truck"
    },
    "tracking_colors": {
      "bicycle": "C9",
      "bus": "C2",
      "car": "C0",
      "motorcycle": "C6",
      "pedestrian": "C5",
      "trailer": "C3",
      "truck": "C1"
    },
    "class_range": {
      "car": 50,
      "truck": 50,
      "bus": 50,
      "trailer": 50,
      "pedestrian": 40,
      "motorcycle": 40,
      "bicycle": 40
    },
    "dist_fcn": "center_distance",
    "dist_th_tp": 2.0,
    "min_recall": 0.1,
    "max_boxes_per_sample": 600,
    "metric_worst": {
      "amota": 0.0,
      "amotp": 2.0,
      "recall": 0.0,
      "motar": 0.0,
      "mota": 0.0,
      "motp": 2.0,
      "mt": 0.0,
      "ml": -1.0,
      "faf": 500,
      "gt": -1,
      "tp": 0.0,
      "fp": -1.0,
      "fn": -1.0,
      "ids": -1.0,
      "frag": -1.0,
      "tid": 20,
      "lgd": 20
    },
    "num_thresholds": 40
  },
  "amota": 0.2953286562324308,
  "amotp": 1.3810793053076966,
  "recall": 0.4745921461011388,
  "motar": 0.6516240195252859,
  "gt": 14556.714285714286,
  "mota": 0.29769660142750903,
  "motp": 0.6261214331079455,
  "mt": 2049.0,
  "ml": 2227.0,
  "faf": 59.33587924472513,
  "tp": 52258.0,
  "fp": 18125.0,
  "fn": 43395.0,
  "ids": 6244.0,
  "frag": 2311.0,
  "tid": 1.7846931119716458,
  "lgd": 2.4233028861181123,
  "meta": {
    "use_camera": true,
    "use_lidar": false,
    "use_radar": true,
    "use_map": false,
    "use_external": false
  }
}