{
  "label_metrics": {
    "amota": {
      "bicycle": 0.3020932438504695,
      "bus": 0.660814999503142,
      "car": 0.6347280136188493,
      "motorcycle": 0.4399464701097816,
      "pedestrian": 0.23738963040742816,
      "trailer": 0.08058202887695634,
      "truck": 0.28150464286146876
    },
    "amotp": {
      "bicycle": 1.3466757131554463,
      "bus": 1.0091700431799084,
      "car": 0.7947893799042121,
      "motorcycle": 1.1660768410346236,
      "pedestrian": 1.598999256734966,
      "trailer": 1.4297760903476517,
      "truck": 1.369312210551619
    },
    "recall": {
      "bicycle": 0.5097842448569995,
      "bus": 0.7054924242424242,
      "car": 0.7080439665963613,
      "motorcycle": 0.5589276681841173,
      "pedestrian": 0.373087361837706,
      "trailer": 0.18804123711340207,
      "truck": 0.48466321243523314
    },
    "motar": {
      "bicycle": 0.5230923694779117,
      "bus": 0.8317567567567566,
      "car": 0.8297929419798551,
      "motorcycle": 0.6743755781683627,
      "pedestrian": 0.7966319728686704,
      "trailer": 0.49006622516556286,
      "truck": 0.6897995153117427
    },
    "gt": {
      "bicycle": 1993.0,
      "bus": 2112.0,
      "car": 58317.0,
      "motorcycle": 1977.0,
      "pedestrian": 25423.0,
      "trailer": 2425.0,
      "truck": 9650.0
    },
    "mota": {
      "bicycle": 0.26141495233316603,
      "bus": 0.5828598484848485,
      "car": 0.5834319323696349,
      "motorcycle": 0.3687405159332322,
      "pedestrian": 0.26794634779530346,
      "trailer": 0.09154639175257728,
      "truck": 0.3244559585492228
    },
    "motp": {
      "bicycle": 0.5062239557411505,
      "bus": 0.642906268386476,
      "car": 0.38129359573974264,
      "motorcycle": 0.5020359471934129,
      "pedestrian": 0.5844019910772847,
      "trailer": 0.9635005068313377,
      "truck": 0.5182628620450047
    },
    "mt": {
      "bicycle": 37.0,
      "bus": 61.0,
      "car": 1920.0,
      "motorcycle": 40.0,
      "pedestrian": 190.0,
      "trailer": 16.0,
      "truck": 155.0
    },
    "ml": {
      "bicycle": 58.0,
      "bus": 30.0,
      "car": 1069.0,
      "motorcycle": 45.0,
      "pedestrian": 891.0,
      "trailer": 112.0,
      "truck": 212.0
    },
    "faf": {
      "bicycle": 31.68779186124083,
      "bus": 15.2200488997555,
      "car": 120.8275623268698,
      "motorcycle": 26.190476190476193,
      "pedestrian": 40.65934065934066,
      "trailer": 23.076923076923077,
      "truck": 37.50665956313266
    },
    "tp": {
      "bicycle": 996.0,
      "bus": 1480.0,
      "car": 41003.0,
      "motorcycle": 1081.0,
      "pedestrian": 8551.0,
      "trailer": 453.0,
      "truck": 4539.0
    },
    "fp": {
      "bicycle": 475.0,
      "bus": 249.0,
      "car": 6979.0,
      "motorcycle": 352.0,
      "pedestrian": 1739.0,
      "trailer": 231.0,
      "truck": 1408.0
    },
    "fn": {
      "bicycle": 977.0,
      "bus": 622.0,
      "car": 17026.0,
      "motorcycle": 872.0,
      "pedestrian": 15938.0,
      "trailer": 1969.0,
      "truck": 4973.0
    },
    "ids": {
      "bicycle": 20.0,
      "bus": 10.0,
      "car": 288.0,
      "motorcycle": 24.0,
      "pedestrian": 934.0,
      "trailer": 3.0,
      "truck": 138.0
    },
    "frag": {
      "bicycle": 4.0,
      "bus": 14.0,
      "car": 279.0,
      "motorcycle": 13.0,
      "pedestrian": 430.0,
      "trailer": 1.0,
      "truck": 99.0
    },
    "tid": {
      "bicycle": 1.8737864077669903,
      "bus": 0.8518518518518519,
      "car": 0.8257238307349666,
      "motorcycle": 2.1464646464646466,
      "pedestrian": 2.2867883995703546,
      "trailer": 1.1136363636363635,
      "truck": 1.7714681440443214
    },
    "lgd": {
      "bicycle": 2.203883495145631,
      "bus": 1.3333333333333333,
      "car": 1.2392353377876764,
      "motorcycle": 2.601010101010101,
      "pedestrian": 3.281954887218045,
      "trailer": 1.8181818181818181,
      "truck": 2.757617728531856
    }
  },
  "eval_time": 1777.770878791809,
  "cfg": {
    "tracking_names": [
      "bicycle",
      "bus",
      "car",
      "motorcycle",
      "pedestrian",
      "trailer",
      "truck"
    ],
    "pretty_tracking_names": {
      "bicycle": "Bicycle",
      "bus": "Bus",
      "car": "Car",
      "motorcycle": "Motorcycle",
      "pedestrian": "Pedestrian",
      "trailer": "Trailer",
      "truck": "Truck"
    },
    "tracking_colors": {
      "bicycle": "C9",
      "bus": "C2",
      "car": "C0",
      "motorcycle": "C6",
      "pedestrian": "C5",
      "trailer": "C3",
      "truck": "C1"
    },
    "class_range": {
      "car": 50,
      "truck": 50,
      "bus": 50,
      "trailer": 50,
      "pedestrian": 40,
      "motorcycle": 40,
      "bicycle": 40
    },
    "dist_fcn": "center_distance",
    "dist_th_tp": 2.0,
    "min_recall": 0.1,
    "max_boxes_per_sample": 600,
    "metric_worst": {
      "amota": 0.0,
      "amotp": 2.0,
      "recall": 0.0,
      "motar": 0.0,
      "mota": 0.0,
      "motp": 2.0,
      "mt": 0.0,
      "ml": -1.0,
      "faf": 500,
      "gt": -1,
      "tp": 0.0,
      "fp": -1.0,
      "fn": -1.0,
      "ids": -1.0,
      "frag": -1.0,
      "tid": 20,
      "lgd": 20
    },
    "num_thresholds": 40
  },
  "amota": 0.3767227184611566,
  "amotp": 1.244971362129775,
  "recall": 0.5040057307523205,
  "motar": 0.6907879085326946,
  "gt": 14556.714285714286,
  "mota": 0.3543422781739978,
  "motp": 0.5855178752877729,
  "mt": 2419.0,
  "ml": 2417.0,
  "faf": 42.16697179681982,
  "tp": 58103.0,
  "fp": 11433.0,
  "fn": 42377.0,
  "ids": 1417.0,
  "frag": 840.0,
  "tid": 1.5528170920099278,
  "lgd": 2.176459528744066,
  "meta": {
    "use_camera": true,
    "use_lidar": false,
    "use_radar": true,
    "use_map": false,
    "use_external": false
  }
}