{
  "label_metrics": {
    "amota": {
      "bicycle": 0.7176876484364691,
      "bus": 0.6896150568810588,
      "car": 0.7108727265004402,
      "motorcycle": 0.9655875816799299,
      "pedestrian": 0.8955972465165466,
      "trailer": 0.95,
      "truck": 0.7172506415089657
    },
    "amotp": {
      "bicycle": 0.2529296668928435,
      "bus": 0.3852928408179552,
      "car": 0.2505557736954317,
      "motorcycle": 0.05581070230325713,
      "pedestrian": 0.114625291279284,
      "trailer": 0.1,
      "truck": 0.21330776515954386
    },
    "recall": {
      "bicycle": 0.9482758620689655,
      "bus": 1.0,
      "car": 0.9714181018688164,
      "motorcycle": 1.0,
      "pedestrian": 0.998639455782313,
      "trailer": 0.975609756097561,
      "truck": 0.9830508474576272
    },
    "motar": {
      "bicycle": 0.830188679245283,
      "bus": 0.825,
      "car": 0.8267684887459806,
      "motorcycle": 0.9957805907172995,
      "pedestrian": 0.9451388888888889,
      "trailer": 1.0,
      "truck": 0.7023809523809523
    },
    "gt": {
      "bicycle": 58.0,
      "bus": 86.0,
      "car": 2729.0,
      "motorcycle": 238.0,
      "pedestrian": 1470.0,
      "trailer": 41.0,
      "truck": 177.0
    },
    "mota": {
      "bicycle": 0.7586206896551724,
      "bus": 0.7674418604651163,
      "car": 0.7537559545621106,
      "motorcycle": 0.9915966386554622,
      "pedestrian": 0.9258503401360544,
      "trailer": 0.975609756097561,
      "truck": 0.6666666666666667
    },
    "motp": {
      "bicycle": 0.07562198365380261,
      "bus": 0.20718317148734652,
      "car": 0.06462474911398625,
      "motorcycle": 0.005613930685650053,
      "pedestrian": 0.06468050341630284,
      "trailer": 0.0,
      "truck": 0.10387876575630046
    },
    "mt": {
      "bicycle": 7.0,
      "bus": 5.0,
      "car": 148.0,
      "motorcycle": 11.0,
      "pedestrian": 85.0,
      "trailer": 1.0,
      "truck": 9.0
    },
    "ml": {
      "bicycle": 0.0,
      "bus": 0.0,
      "car": 2.0,
      "motorcycle": 0.0,
      "pedestrian": 0.0,
      "trailer": 0.0,
      "truck": 0.0
    },
    "faf": {
      "bicycle": 20.930232558139537,
      "bus": 21.875,
      "car": 266.04938271604937,
      "motorcycle": 1.5873015873015872,
      "pedestrian": 60.76923076923077,
      "trailer": 0.0,
      "truck": 42.3728813559322
    },
    "tp": {
      "bicycle": 53.0,
      "bus": 80.0,
      "car": 2488.0,
      "motorcycle": 237.0,
      "pedestrian": 1440.0,
      "trailer": 40.0,
      "truck": 168.0
    },
    "fp": {
      "bicycle": 9.0,
      "bus": 14.0,
      "car": 431.0,
      "motorcycle": 1.0,
      "pedestrian": 79.0,
      "trailer": 0.0,
      "truck": 50.0
    },
    "fn": {
      "bicycle": 3.0,
      "bus": 0.0,
      "car": 78.0,
      "motorcycle": 0.0,
      "pedestrian": 2.0,
      "trailer": 1.0,
      "truck": 3.0
    },
    "ids": {
      "bicycle": 2.0,
      "bus": 6.0,
      "car": 163.0,
      "motorcycle": 1.0,
      "pedestrian": 28.0,
      "trailer": 0.0,
      "truck": 6.0
    },
    "frag": {
      "bicycle": 2.0,
      "bus": 0.0,
      "car": 7.0,
      "motorcycle": 0.0,
      "pedestrian": 2.0,
      "trailer": 0.0,
      "truck": 2.0
    },
    "tid": {
      "bicycle": 0.0625,
      "bus": 0.0,
      "car": 0.019736842105263157,
      "motorcycle": 0.0,
      "pedestrian": 0.0,
      "trailer": 0.0,
      "truck": 0.0
    },
    "lgd": {
      "bicycle": 0.125,
      "bus": 0.0,
      "car": 0.11513157894736842,
      "motorcycle": 0.0,
      "pedestrian": 0.0058823529411764705,
      "trailer": 0.5,
      "truck": 0.1111111111111111
    }
  },
  "eval_time": 52.94353151321411,
  "cfg": {
    "tracking_names": [
      "bicycle",
      "bus",
      "car",
      "motorcycle",
      "pedestrian",
      "trailer",
      "truck"
    ],
    "pretty_tracking_names": {
      "bicycle": "Bicycle",
      "bus": "Bus",
      "car": "Car",
      "motorcycle": "Motorcycle",
      "pedestrian": "Pedestrian",
      "trailer": "Trailer",
      "truck": "Truck"
    },
    "tracking_colors": {
      "bicycle": "C9",
      "bus": "C2",
      "car": "C0",
      "motorcycle": "C6",
      "pedestrian": "C5",
      "trailer": "C3",
      "truck": "C1"
    },
    "class_range": {
      "car": 50,
      "truck": 50,
      "bus": 50,
      "trailer": 50,
      "pedestrian": 40,
      "motorcycle": 40,
      "bicycle": 40
    },
    "dist_fcn": "center_distance",
    "dist_th_tp": 2.0,
    "min_recall": 0.1,
    "max_boxes_per_sample": 600,
    "metric_worst": {
      "amota": 0.0,
      "amotp": 2.0,
      "recall": 0.0,
      "motar": 0.0,
      "mota": 0.0,
      "motp": 2.0,
      "mt": 0.0,
      "ml": -1.0,
      "faf": 500,
      "gt": -1,
      "tp": 0.0,
      "fp": -1.0,
      "fn": -1.0,
      "ids": -1.0,
      "frag": -1.0,
      "tid": 20,
      "lgd": 20
    },
    "num_thresholds": 40
  },
  "amota": 0.8066587002176301,
  "amotp": 0.19607457716404508,
  "recall": 0.9824277176107546,
  "motar": 0.8750367999969149,
  "gt": 685.5714285714286,
  "mota": 0.8342202723197348,
  "motp": 0.07451472915905553,
  "mt": 266.0,
  "ml": 2.0,
  "faf": 59.083432712379064,
  "tp": 4506.0,
  "fp": 584.0,
  "fn": 87.0,
  "ids": 206.0,
  "frag": 13.0,
  "tid": 0.01174812030075188,
  "lgd": 0.12244643471423657,
  "meta": {
    "use_camera": true,
    "use_lidar": false,
    "use_radar": true,
    "use_map": false,
    "use_external": false
  }
}