{
  "label_metrics": {
    "amota": {
      "bicycle": 0.3186138574069609,
      "bus": 0.5133011542073534,
      "car": 0.5430067021572105,
      "motorcycle": 0.372523281157123,
      "pedestrian": 0.2091900998565121,
      "trailer": 0.0,
      "truck": 0.09456489787200995
    },
    "amotp": {
      "bicycle": 1.1813056860901259,
      "bus": 1.202354151549016,
      "car": 1.0306395841118718,
      "motorcycle": 1.4439429572896745,
      "pedestrian": 1.2170174891284677,
      "trailer": 2.0,
      "truck": 1.404570016235215
    },
    "recall": {
      "bicycle": 0.4482758620689655,
      "bus": 0.5697674418604651,
      "car": 0.6526200073286919,
      "motorcycle": 0.47058823529411764,
      "pedestrian": 0.5496598639455782,
      "trailer": 0.0,
      "truck": 0.4406779661016949
    },
    "motar": {
      "bicycle": 0.7307692307692308,
      "bus": 0.9387755102040817,
      "car": 0.9207207207207208,
      "motorcycle": 0.941747572815534,
      "pedestrian": 0.4391304347826085,
      "trailer": 0.0,
      "truck": 0.44594594594594616
    },
    "gt": {
      "bicycle": 58.0,
      "bus": 86.0,
      "car": 2729.0,
      "motorcycle": 238.0,
      "pedestrian": 1470.0,
      "trailer": 41.0,
      "truck": 177.0
    },
    "mota": {
      "bicycle": 0.3275862068965517,
      "bus": 0.5348837209302326,
      "car": 0.561744228655185,
      "motorcycle": 0.40756302521008403,
      "pedestrian": 0.20612244897959187,
      "trailer": 0.0,
      "truck": 0.18644067796610164
    },
    "motp": {
      "bicycle": 0.5066418328903552,
      "bus": 0.5575398630776726,
      "car": 0.3601302367946752,
      "motorcycle": 0.5826227690809501,
      "pedestrian": 0.7575775505628828,
      "trailer": 2.0,
      "truck": 0.3894848688838125
    },
    "mt": {
      "bicycle": 1.0,
      "bus": 2.0,
      "car": 60.0,
      "motorcycle": 1.0,
      "pedestrian": 22.0,
      "trailer": 0.0,
      "truck": 0.0
    },
    "ml": {
      "bicycle": 4.0,
      "bus": 0.0,
      "car": 32.0,
      "motorcycle": 3.0,
      "pedestrian": 30.0,
      "trailer": 1.0,
      "truck": 4.0
    },
    "faf": {
      "bicycle": 16.666666666666664,
      "bus": 4.6875,
      "car": 81.48148148148148,
      "motorcycle": 9.523809523809524,
      "pedestrian": 293.1818181818182,
      "trailer": 500.0,
      "truck": 34.74576271186441
    },
    "tp": {
      "bicycle": 26.0,
      "bus": 49.0,
      "car": 1665.0,
      "motorcycle": 103.0,
      "pedestrian": 690.0,
      "trailer": 0.0,
      "truck": 74.0
    },
    "fp": {
      "bicycle": 7.0,
      "bus": 3.0,
      "car": 132.0,
      "motorcycle": 6.0,
      "pedestrian": 387.0,
      "trailer": NaN,
      "truck": 41.0
    },
    "fn": {
      "bicycle": 32.0,
      "bus": 37.0,
      "car": 948.0,
      "motorcycle": 126.0,
      "pedestrian": 662.0,
      "trailer": 41.0,
      "truck": 99.0
    },
    "ids": {
      "bicycle": 0.0,
      "bus": 0.0,
      "car": 116.0,
      "motorcycle": 9.0,
      "pedestrian": 118.0,
      "trailer": NaN,
      "truck": 4.0
    },
    "frag": {
      "bicycle": 2.0,
      "bus": 1.0,
      "car": 71.0,
      "motorcycle": 7.0,
      "pedestrian": 49.0,
      "trailer": NaN,
      "truck": 1.0
    },
    "tid": {
      "bicycle": 0.5,
      "bus": 1.6,
      "car": 1.47265625,
      "motorcycle": 3.6666666666666665,
      "pedestrian": 1.146551724137931,
      "trailer": 20.0,
      "truck": 1.6
    },
    "lgd": {
      "bicycle": 1.125,
      "bus": 2.5,
      "car": 2.03515625,
      "motorcycle": 3.7222222222222223,
      "pedestrian": 2.8017241379310347,
      "trailer": 20.0,
      "truck": 3.2
    }
  },
  "eval_time": 35.385720014572144,
  "cfg": {
    "tracking_names": [
      "bicycle",
      "bus",
      "car",
      "motorcycle",
      "pedestrian",
      "trailer",
      "truck"
    ],
    "pretty_tracking_names": {
      "bicycle": "Bicycle",
      "bus": "Bus",
      "car": "Car",
      "motorcycle": "Motorcycle",
      "pedestrian": "Pedestrian",
      "trailer": "Trailer",
      "truck": "Truck"
    },
    "tracking_colors": {
      "bicycle": "C9",
      "bus": "C2",
      "car": "C0",
      "motorcycle": "C6",
      "pedestrian": "C5",
      "trailer": "C3",
      "truck": "C1"
    },
    "class_range": {
      "car": 50,
      "truck": 50,
      "bus": 50,
      "trailer": 50,
      "pedestrian": 40,
      "motorcycle": 40,
      "bicycle": 40
    },
    "dist_fcn": "center_distance",
    "dist_th_tp": 2.0,
    "min_recall": 0.1,
    "max_boxes_per_sample": 600,
    "metric_worst": {
      "amota": 0.0,
      "amotp": 2.0,
      "recall": 0.0,
      "motar": 0.0,
      "mota": 0.0,
      "motp": 2.0,
      "mt": 0.0,
      "ml": -1.0,
      "faf": 500,
      "gt": -1,
      "tp": 0.0,
      "fp": -1.0,
      "fn": -1.0,
      "ids": -1.0,
      "frag": -1.0,
      "tid": 20,
      "lgd": 20
    },
    "num_thresholds": 40
  },
  "amota": 0.29302857037959573,
  "amotp": 1.3542614120577672,
  "recall": 0.4473699109427876,
  "motar": 0.6310127736054459,
  "gt": 685.5714285714286,
  "mota": 0.31776290123396383,
  "motp": 0.7362853030414784,
  "mt": 86.0,
  "ml": 74.0,
  "faf": 134.32671979509146,
  "tp": 2607.0,
  "fp": 576.0,
  "fn": 1945.0,
  "ids": 247.0,
  "frag": 131.0,
  "tid": 4.2836963772578,
  "lgd": 5.054871801450466,
  "meta": {
    "use_camera": true,
    "use_lidar": false,
    "use_radar": true,
    "use_map": false,
    "use_external": false
  }
}