{
  "label_metrics": {
    "amota": {
      "bicycle": 0.27250689499872316,
      "bus": 0.6381156238729264,
      "car": 0.6046883658171096,
      "motorcycle": 0.3882157194146309,
      "pedestrian": 0.2516373437881648,
      "trailer": 0.12401145776867772,
      "truck": 0.3060095775549147
    },
    "amotp": {
      "bicycle": 1.4511798809657823,
      "bus": 1.0591823074973516,
      "car": 0.928635912568393,
      "motorcycle": 1.3216475207228386,
      "pedestrian": 1.5418913903532236,
      "trailer": 1.5194860610692418,
      "truck": 1.3151469954835533
    },
    "recall": {
      "bicycle": 0.4325137982940291,
      "bus": 0.6889204545454546,
      "car": 0.6869351989985767,
      "motorcycle": 0.5042994436014163,
      "pedestrian": 0.4384612358887621,
      "trailer": 0.2181443298969072,
      "truck": 0.5338860103626943
    },
    "motar": {
      "bicycle": 0.6942148760330579,
      "bus": 0.8577348066298344,
      "car": 0.8564450406215991,
      "motorcycle": 0.7885597548518896,
      "pedestrian": 0.6525974025974024,
      "trailer": 0.5828571428571429,
      "truck": 0.6246487354476113
    },
    "gt": {
      "bicycle": 1993.0,
      "bus": 2112.0,
      "car": 58317.0,
      "motorcycle": 1977.0,
      "pedestrian": 25423.0,
      "trailer": 2425.0,
      "truck": 9650.0
    },
    "mota": {
      "bicycle": 0.2950326141495233,
      "bus": 0.5880681818181819,
      "car": 0.5802596155494968,
      "motorcycle": 0.3904906423874558,
      "pedestrian": 0.2529992526452425,
      "trailer": 0.12618556701030925,
      "truck": 0.32248704663212435
    },
    "motp": {
      "bicycle": 0.491677068054253,
      "bus": 0.6789507889550773,
      "car": 0.4077931661383113,
      "motorcycle": 0.5512133377445358,
      "pedestrian": 0.6434374531901095,
      "trailer": 0.9414100311088958,
      "truck": 0.5612340896097733
    },
    "mt": {
      "bicycle": 30.0,
      "bus": 57.0,
      "car": 1724.0,
      "motorcycle": 34.0,
      "pedestrian": 273.0,
      "trailer": 22.0,
      "truck": 170.0
    },
    "ml": {
      "bicycle": 69.0,
      "bus": 31.0,
      "car": 988.0,
      "motorcycle": 47.0,
      "pedestrian": 786.0,
      "trailer": 107.0,
      "truck": 190.0
    },
    "faf": {
      "bicycle": 17.98611111111111,
      "bus": 12.73176761433869,
      "car": 98.57490441432047,
      "motorcycle": 15.610859728506787,
      "pedestrian": 79.81351981351982,
      "trailer": 21.812749003984063,
      "truck": 49.14586070959264
    },
    "tp": {
      "bicycle": 847.0,
      "bus": 1448.0,
      "car": 39511.0,
      "motorcycle": 979.0,
      "pedestrian": 9856.0,
      "trailer": 525.0,
      "truck": 4982.0
    },
    "fp": {
      "bicycle": 259.0,
      "bus": 206.0,
      "car": 5672.0,
      "motorcycle": 207.0,
      "pedestrian": 3424.0,
      "trailer": 219.0,
      "truck": 1870.0
    },
    "fn": {
      "bicycle": 1131.0,
      "bus": 657.0,
      "car": 18257.0,
      "motorcycle": 980.0,
      "pedestrian": 14276.0,
      "trailer": 1896.0,
      "truck": 4498.0
    },
    "ids": {
      "bicycle": 15.0,
      "bus": 7.0,
      "car": 549.0,
      "motorcycle": 18.0,
      "pedestrian": 1291.0,
      "trailer": 4.0,
      "truck": 170.0
    },
    "frag": {
      "bicycle": 7.0,
      "bus": 16.0,
      "car": 536.0,
      "motorcycle": 20.0,
      "pedestrian": 440.0,
      "trailer": 6.0,
      "truck": 127.0
    },
    "tid": {
      "bicycle": 2.0797872340425534,
      "bus": 0.930379746835443,
      "car": 1.0542511561721808,
      "motorcycle": 2.38659793814433,
      "pedestrian": 1.9543689320388349,
      "trailer": 1.0576923076923077,
      "truck": 1.6411917098445596
    },
    "lgd": {
      "bicycle": 2.478723404255319,
      "bus": 1.4556962025316456,
      "car": 1.5530060476698684,
      "motorcycle": 2.8247422680412373,
      "pedestrian": 2.8936893203883494,
      "trailer": 1.3846153846153846,
      "truck": 2.5958549222797926
    }
  },
  "eval_time": 1614.827495098114,
  "cfg": {
    "tracking_names": [
      "bicycle",
      "bus",
      "car",
      "motorcycle",
      "pedestrian",
      "trailer",
      "truck"
    ],
    "pretty_tracking_names": {
      "bicycle": "Bicycle",
      "bus": "Bus",
      "car": "Car",
      "motorcycle": "Motorcycle",
      "pedestrian": "Pedestrian",
      "trailer": "Trailer",
      "truck": "Truck"
    },
    "tracking_colors": {
      "bicycle": "C9",
      "bus": "C2",
      "car": "C0",
      "motorcycle": "C6",
      "pedestrian": "C5",
      "trailer": "C3",
      "truck": "C1"
    },
    "class_range": {
      "car": 50,
      "truck": 50,
      "bus": 50,
      "trailer": 50,
      "pedestrian": 40,
      "motorcycle": 40,
      "bicycle": 40
    },
    "dist_fcn": "center_distance",
    "dist_th_tp": 2.0,
    "min_recall": 0.1,
    "max_boxes_per_sample": 600,
    "metric_worst": {
      "amota": 0.0,
      "amotp": 2.0,
      "recall": 0.0,
      "motar": 0.0,
      "mota": 0.0,
      "motp": 2.0,
      "mt": 0.0,
      "ml": -1.0,
      "faf": 500,
      "gt": -1,
      "tp": 0.0,
      "fp": -1.0,
      "fn": -1.0,
      "ids": -1.0,
      "frag": -1.0,
      "tid": 20,
      "lgd": 20
    },
    "num_thresholds": 40
  },
  "amota": 0.36931214045930677,
  "amotp": 1.305310009808626,
  "recall": 0.50045149594112,
  "motar": 0.722436822719791,
  "gt": 14556.714285714286,
  "mota": 0.36507470288461913,
  "motp": 0.6108165621144224,
  "mt": 2310.0,
  "ml": 2218.0,
  "faf": 42.239396056481944,
  "tp": 58148.0,
  "fp": 11857.0,
  "fn": 41695.0,
  "ids": 2054.0,
  "frag": 1152.0,
  "tid": 1.5863241463957443,
  "lgd": 2.169475364254514,
  "meta": {
    "use_camera": true,
    "use_lidar": false,
    "use_radar": true,
    "use_map": false,
    "use_external": false
  }
}