{
  "label_metrics": {
    "amota": {
      "bicycle": 0.311138234007322,
      "bus": 0.5859565520096568,
      "car": 0.5439383401758366,
      "motorcycle": 0.4229271297104823,
      "pedestrian": 0.20173332085044535,
      "trailer": 0.017629489029334776,
      "truck": 0.2871261308452765
    },
    "amotp": {
      "bicycle": 1.3628262427709976,
      "bus": 1.0931889510309751,
      "car": 1.0570321333823423,
      "motorcycle": 1.2555676115143524,
      "pedestrian": 1.6805153769386387,
      "trailer": 1.5151736474706177,
      "truck": 1.4175600533504054
    },
    "recall": {
      "bicycle": 0.5062719518314099,
      "bus": 0.6429924242424242,
      "car": 0.653617298557882,
      "motorcycle": 0.5093576125442589,
      "pedestrian": 0.33375290091649296,
      "trailer": 0.1731958762886598,
      "truck": 0.4904663212435233
    },
    "motar": {
      "bicycle": 0.6328708644610459,
      "bus": 0.9025297619047619,
      "car": 0.9098141744679655,
      "motorcycle": 0.8590956887486856,
      "pedestrian": 0.8196461958866677,
      "trailer": 0.20574162679425823,
      "truck": 0.710091743119266
    },
    "gt": {
      "bicycle": 1993.0,
      "bus": 2112.0,
      "car": 58317.0,
      "motorcycle": 1977.0,
      "pedestrian": 25423.0,
      "trailer": 2425.0,
      "truck": 9650.0
    },
    "mota": {
      "bicycle": 0.2975413948820873,
      "bus": 0.5743371212121212,
      "car": 0.55494967162234,
      "motorcycle": 0.4132524026302479,
      "pedestrian": 0.22416709278999336,
      "trailer": 0.03546391752577316,
      "truck": 0.3208290155440414
    },
    "motp": {
      "bicycle": 0.48007308786647174,
      "bus": 0.6376377625024192,
      "car": 0.4009825041799925,
      "motorcycle": 0.484945008209675,
      "pedestrian": 0.6111597478793229,
      "trailer": 1.0167292948242448,
      "truck": 0.5586058618721665
    },
    "mt": {
      "bicycle": 46.0,
      "bus": 50.0,
      "car": 1554.0,
      "motorcycle": 38.0,
      "pedestrian": 148.0,
      "trailer": 12.0,
      "truck": 143.0
    },
    "ml": {
      "bicycle": 57.0,
      "bus": 32.0,
      "car": 1094.0,
      "motorcycle": 41.0,
      "pedestrian": 967.0,
      "trailer": 113.0,
      "truck": 205.0
    },
    "faf": {
      "bicycle": 23.855755894590846,
      "bus": 8.359923420548819,
      "car": 55.87876676537189,
      "motorcycle": 10.159211523881728,
      "pedestrian": 29.415904292751584,
      "trailer": 32.23300970873787,
      "truck": 33.76068376068376
    },
    "tp": {
      "bicycle": 937.0,
      "bus": 1344.0,
      "car": 35571.0,
      "motorcycle": 951.0,
      "pedestrian": 6953.0,
      "trailer": 418.0,
      "truck": 4360.0
    },
    "fp": {
      "bicycle": 344.0,
      "bus": 131.0,
      "car": 3208.0,
      "motorcycle": 134.0,
      "pedestrian": 1254.0,
      "trailer": 332.0,
      "truck": 1264.0
    },
    "fn": {
      "bicycle": 984.0,
      "bus": 754.0,
      "car": 20200.0,
      "motorcycle": 970.0,
      "pedestrian": 16938.0,
      "trailer": 2005.0,
      "truck": 4917.0
    },
    "ids": {
      "bicycle": 72.0,
      "bus": 14.0,
      "car": 2546.0,
      "motorcycle": 56.0,
      "pedestrian": 1532.0,
      "trailer": 2.0,
      "truck": 373.0
    },
    "frag": {
      "bicycle": 61.0,
      "bus": 27.0,
      "car": 1025.0,
      "motorcycle": 53.0,
      "pedestrian": 764.0,
      "trailer": 19.0,
      "truck": 278.0
    },
    "tid": {
      "bicycle": 1.4173913043478261,
      "bus": 0.7341772151898734,
      "car": 1.0317373957199856,
      "motorcycle": 1.760204081632653,
      "pedestrian": 2.2553879310344827,
      "trailer": 2.037037037037037,
      "truck": 1.6866840731070496
    },
    "lgd": {
      "bicycle": 2.0565217391304347,
      "bus": 1.7468354430379747,
      "car": 1.6712005803409502,
      "motorcycle": 2.372448979591837,
      "pedestrian": 3.4202586206896552,
      "trailer": 5.148148148148148,
      "truck": 2.744125326370757
    }
  },
  "eval_time": 1384.3668704032898,
  "cfg": {
    "tracking_names": [
      "bicycle",
      "bus",
      "car",
      "motorcycle",
      "pedestrian",
      "trailer",
      "truck"
    ],
    "pretty_tracking_names": {
      "bicycle": "Bicycle",
      "bus": "Bus",
      "car": "Car",
      "motorcycle": "Motorcycle",
      "pedestrian": "Pedestrian",
      "trailer": "Trailer",
      "truck": "Truck"
    },
    "tracking_colors": {
      "bicycle": "C9",
      "bus": "C2",
      "car": "C0",
      "motorcycle": "C6",
      "pedestrian": "C5",
      "trailer": "C3",
      "truck": "C1"
    },
    "class_range": {
      "car": 50,
      "truck": 50,
      "bus": 50,
      "trailer": 50,
      "pedestrian": 40,
      "motorcycle": 40,
      "bicycle": 40
    },
    "dist_fcn": "center_distance",
    "dist_th_tp": 2.0,
    "min_recall": 0.1,
    "max_boxes_per_sample": 600,
    "metric_worst": {
      "amota": 0.0,
      "amotp": 2.0,
      "recall": 0.0,
      "motar": 0.0,
      "mota": 0.0,
      "motp": 2.0,
      "mt": 0.0,
      "ml": -1.0,
      "faf": 500,
      "gt": -1,
      "tp": 0.0,
      "fp": -1.0,
      "fn": -1.0,
      "ids": -1.0,
      "frag": -1.0,
      "tid": 20,
      "lgd": 20
    },
    "num_thresholds": 40
  },
  "amota": 0.3386355995183363,
  "amotp": 1.3402662880654754,
  "recall": 0.4728077693749501,
  "motar": 0.7199700079118072,
  "gt": 14556.714285714286,
  "mota": 0.3457915166009435,
  "motp": 0.5985904667620419,
  "mt": 1991.0,
  "ml": 2509.0,
  "faf": 27.666179338080926,
  "tp": 50534.0,
  "fp": 6667.0,
  "fn": 46768.0,
  "ids": 4595.0,
  "frag": 2227.0,
  "tid": 1.560374148295558,
  "lgd": 2.737076976758537,
  "meta": {
    "use_camera": true,
    "use_lidar": false,
    "use_radar": true,
    "use_map": false,
    "use_external": false
  }
}