{
  "label_metrics": {
    "amota": {
      "bicycle": 0.0,
      "bus": 0.5334893957583032,
      "car": 0.5416538526619841,
      "motorcycle": 0.3611943779467581,
      "pedestrian": 0.266895701415186,
      "trailer": 0.0,
      "truck": 0.0
    },
    "amotp": {
      "bicycle": 2.0,
      "bus": 1.310675540777043,
      "car": 1.051277281047262,
      "motorcycle": 1.4419812457844325,
      "pedestrian": 1.2479373643416767,
      "trailer": 2.0,
      "truck": 2.0
    },
    "recall": {
      "bicycle": 0.0,
      "bus": 0.5930232558139535,
      "car": 0.6397947966288018,
      "motorcycle": 0.453781512605042,
      "pedestrian": 0.3904761904761905,
      "trailer": 0.0,
      "truck": 0.0
    },
    "motar": {
      "bicycle": 0.0,
      "bus": 0.980392156862745,
      "car": 0.9204069419509278,
      "motorcycle": 0.9405940594059405,
      "pedestrian": 0.7563352826510721,
      "trailer": 0.0,
      "truck": 0.0
    },
    "gt": {
      "bicycle": 58.0,
      "bus": 86.0,
      "car": 2729.0,
      "motorcycle": 238.0,
      "pedestrian": 1470.0,
      "trailer": 41.0,
      "truck": 177.0
    },
    "mota": {
      "bicycle": 0.0,
      "bus": 0.5813953488372092,
      "car": 0.5635764016123122,
      "motorcycle": 0.39915966386554624,
      "pedestrian": 0.2639455782312925,
      "trailer": 0.0,
      "truck": 0.0
    },
    "motp": {
      "bicycle": 2.0,
      "bus": 0.6825197086130472,
      "car": 0.40556240630101764,
      "motorcycle": 0.555679319576281,
      "pedestrian": 0.7831587268178998,
      "trailer": 2.0,
      "truck": 2.0
    },
    "mt": {
      "bicycle": 0.0,
      "bus": 2.0,
      "car": 56.0,
      "motorcycle": 1.0,
      "pedestrian": 14.0,
      "trailer": 0.0,
      "truck": 0.0
    },
    "ml": {
      "bicycle": 8.0,
      "bus": 0.0,
      "car": 34.0,
      "motorcycle": 4.0,
      "pedestrian": 43.0,
      "trailer": 1.0,
      "truck": 9.0
    },
    "faf": {
      "bicycle": 500.0,
      "bus": 1.5625,
      "car": 82.09876543209876,
      "motorcycle": 9.523809523809524,
      "pedestrian": 95.41984732824427,
      "trailer": 500.0,
      "truck": 500.0
    },
    "tp": {
      "bicycle": 0.0,
      "bus": 51.0,
      "car": 1671.0,
      "motorcycle": 101.0,
      "pedestrian": 513.0,
      "trailer": 0.0,
      "truck": 0.0
    },
    "fp": {
      "bicycle": NaN,
      "bus": 1.0,
      "car": 133.0,
      "motorcycle": 6.0,
      "pedestrian": 125.0,
      "trailer": NaN,
      "truck": NaN
    },
    "fn": {
      "bicycle": 58.0,
      "bus": 35.0,
      "car": 983.0,
      "motorcycle": 130.0,
      "pedestrian": 896.0,
      "trailer": 41.0,
      "truck": 177.0
    },
    "ids": {
      "bicycle": NaN,
      "bus": 0.0,
      "car": 75.0,
      "motorcycle": 7.0,
      "pedestrian": 61.0,
      "trailer": NaN,
      "truck": NaN
    },
    "frag": {
      "bicycle": NaN,
      "bus": 1.0,
      "car": 65.0,
      "motorcycle": 7.0,
      "pedestrian": 34.0,
      "trailer": NaN,
      "truck": NaN
    },
    "tid": {
      "bicycle": 20.0,
      "bus": 1.6,
      "car": 1.524390243902439,
      "motorcycle": 3.2777777777777777,
      "pedestrian": 1.5892857142857142,
      "trailer": 20.0,
      "truck": 20.0
    },
    "lgd": {
      "bicycle": 20.0,
      "bus": 2.5,
      "car": 2.1422764227642275,
      "motorcycle": 3.4444444444444446,
      "pedestrian": 3.7767857142857144,
      "trailer": 20.0,
      "truck": 20.0
    }
  },
  "eval_time": 33.73624277114868,
  "cfg": {
    "tracking_names": [
      "bicycle",
      "bus",
      "car",
      "motorcycle",
      "pedestrian",
      "trailer",
      "truck"
    ],
    "pretty_tracking_names": {
      "bicycle": "Bicycle",
      "bus": "Bus",
      "car": "Car",
      "motorcycle": "Motorcycle",
      "pedestrian": "Pedestrian",
      "trailer": "Trailer",
      "truck": "Truck"
    },
    "tracking_colors": {
      "bicycle": "C9",
      "bus": "C2",
      "car": "C0",
      "motorcycle": "C6",
      "pedestrian": "C5",
      "trailer": "C3",
      "truck": "C1"
    },
    "class_range": {
      "car": 50,
      "truck": 50,
      "bus": 50,
      "trailer": 50,
      "pedestrian": 40,
      "motorcycle": 40,
      "bicycle": 40
    },
    "dist_fcn": "center_distance",
    "dist_th_tp": 2.0,
    "min_recall": 0.1,
    "max_boxes_per_sample": 600,
    "metric_worst": {
      "amota": 0.0,
      "amotp": 2.0,
      "recall": 0.0,
      "motar": 0.0,
      "mota": 0.0,
      "motp": 2.0,
      "mt": 0.0,
      "ml": -1.0,
      "faf": 500,
      "gt": -1,
      "tp": 0.0,
      "fp": -1.0,
      "fn": -1.0,
      "ids": -1.0,
      "frag": -1.0,
      "tid": 20,
      "lgd": 20
    },
    "num_thresholds": 40
  },
  "amota": 0.24331904682603306,
  "amotp": 1.5788387759929166,
  "recall": 0.2967251079319983,
  "motar": 0.5139612058386694,
  "gt": 685.5714285714286,
  "mota": 0.2582967132209086,
  "motp": 1.2038457373297493,
  "mt": 73.0,
  "ml": 99.0,
  "faf": 241.22927461202178,
  "tp": 2336.0,
  "fp": 265.0,
  "fn": 2320.0,
  "ids": 143.0,
  "frag": 107.0,
  "tid": 9.713064819423705,
  "lgd": 10.26621522592777,
  "meta": {
    "use_camera": true,
    "use_lidar": false,
    "use_radar": true,
    "use_map": false,
    "use_external": false
  }
}