{
  "label_metrics": {
    "amota": {
      "bicycle": 0.34937118437118436,
      "bus": 0.8117995018679949,
      "car": 0.6465701772901312,
      "motorcycle": 0.46964816034524814,
      "pedestrian": 0.42240733570277866,
      "trailer": 0.672220072239422,
      "truck": 0.36598172214622277
    },
    "amotp": {
      "bicycle": 1.0125679835858423,
      "bus": 0.8431869808571136,
      "car": 0.8405842195628246,
      "motorcycle": 1.238908495414735,
      "pedestrian": 1.3126149397936921,
      "trailer": 1.8146107304418984,
      "truck": 1.3117481680502505
    },
    "recall": {
      "bicycle": 0.6206896551724138,
      "bus": 0.8488372093023255,
      "car": 0.7127152803224625,
      "motorcycle": 0.5042016806722689,
      "pedestrian": 0.6020408163265306,
      "trailer": 0.9024390243902439,
      "truck": 0.480225988700565
    },
    "motar": {
      "bicycle": 0.5714285714285714,
      "bus": 0.9452054794520548,
      "car": 0.8590010405827264,
      "motorcycle": 0.8983050847457628,
      "pedestrian": 0.7128463476070529,
      "trailer": 0.8055555555555556,
      "truck": 0.9166666666666665
    },
    "gt": {
      "bicycle": 58.0,
      "bus": 86.0,
      "car": 2729.0,
      "motorcycle": 238.0,
      "pedestrian": 1470.0,
      "trailer": 41.0,
      "truck": 177.0
    },
    "mota": {
      "bicycle": 0.3448275862068966,
      "bus": 0.8023255813953488,
      "car": 0.6049835104433858,
      "motorcycle": 0.4453781512605042,
      "pedestrian": 0.3850340136054422,
      "trailer": 0.7073170731707317,
      "truck": 0.4350282485875706
    },
    "motp": {
      "bicycle": 0.6035167161249093,
      "bus": 0.6544037439268006,
      "car": 0.3929884983735992,
      "motorcycle": 0.6520367201858851,
      "pedestrian": 0.6145523208166348,
      "trailer": 1.7614783063696493,
      "truck": 0.39538553848933683
    },
    "mt": {
      "bicycle": 3.0,
      "bus": 3.0,
      "car": 73.0,
      "motorcycle": 2.0,
      "pedestrian": 20.0,
      "trailer": 1.0,
      "truck": 2.0
    },
    "ml": {
      "bicycle": 4.0,
      "bus": 0.0,
      "car": 33.0,
      "motorcycle": 5.0,
      "pedestrian": 25.0,
      "trailer": 0.0,
      "truck": 4.0
    },
    "faf": {
      "bicycle": 31.914893617021278,
      "bus": 6.25,
      "car": 167.28395061728395,
      "motorcycle": 19.047619047619047,
      "pedestrian": 175.3846153846154,
      "trailer": 17.073170731707318,
      "truck": 5.932203389830509
    },
    "tp": {
      "bicycle": 35.0,
      "bus": 73.0,
      "car": 1922.0,
      "motorcycle": 118.0,
      "pedestrian": 794.0,
      "trailer": 36.0,
      "truck": 84.0
    },
    "fp": {
      "bicycle": 15.0,
      "bus": 4.0,
      "car": 271.0,
      "motorcycle": 12.0,
      "pedestrian": 228.0,
      "trailer": 7.0,
      "truck": 7.0
    },
    "fn": {
      "bicycle": 22.0,
      "bus": 13.0,
      "car": 784.0,
      "motorcycle": 118.0,
      "pedestrian": 585.0,
      "trailer": 4.0,
      "truck": 92.0
    },
    "ids": {
      "bicycle": 1.0,
      "bus": 0.0,
      "car": 23.0,
      "motorcycle": 2.0,
      "pedestrian": 91.0,
      "trailer": 1.0,
      "truck": 1.0
    },
    "frag": {
      "bicycle": 3.0,
      "bus": 1.0,
      "car": 27.0,
      "motorcycle": 2.0,
      "pedestrian": 36.0,
      "trailer": 2.0,
      "truck": 1.0
    },
    "tid": {
      "bicycle": 0.875,
      "bus": 1.0,
      "car": 1.4024390243902438,
      "motorcycle": 4.5,
      "pedestrian": 1.8166666666666667,
      "trailer": 0.0,
      "truck": 2.0
    },
    "lgd": {
      "bicycle": 1.0,
      "bus": 1.0,
      "car": 1.7317073170731707,
      "motorcycle": 4.944444444444445,
      "pedestrian": 2.325,
      "trailer": 1.5,
      "truck": 2.75
    }
  },
  "eval_time": 35.63315773010254,
  "cfg": {
    "tracking_names": [
      "bicycle",
      "bus",
      "car",
      "motorcycle",
      "pedestrian",
      "trailer",
      "truck"
    ],
    "pretty_tracking_names": {
      "bicycle": "Bicycle",
      "bus": "Bus",
      "car": "Car",
      "motorcycle": "Motorcycle",
      "pedestrian": "Pedestrian",
      "trailer": "Trailer",
      "truck": "Truck"
    },
    "tracking_colors": {
      "bicycle": "C9",
      "bus": "C2",
      "car": "C0",
      "motorcycle": "C6",
      "pedestrian": "C5",
      "trailer": "C3",
      "truck": "C1"
    },
    "class_range": {
      "car": 50,
      "truck": 50,
      "bus": 50,
      "trailer": 50,
      "pedestrian": 40,
      "motorcycle": 40,
      "bicycle": 40
    },
    "dist_fcn": "center_distance",
    "dist_th_tp": 2.0,
    "min_recall": 0.1,
    "max_boxes_per_sample": 600,
    "metric_worst": {
      "amota": 0.0,
      "amotp": 2.0,
      "recall": 0.0,
      "motar": 0.0,
      "mota": 0.0,
      "motp": 2.0,
      "mt": 0.0,
      "ml": -1.0,
      "faf": 500,
      "gt": -1,
      "tp": 0.0,
      "fp": -1.0,
      "fn": -1.0,
      "ids": -1.0,
      "frag": -1.0,
      "tid": 20,
      "lgd": 20
    },
    "num_thresholds": 40
  },
  "amota": 0.5339997362804261,
  "amotp": 1.1963173596723367,
  "recall": 0.6673070935552586,
  "motar": 0.8155726780054844,
  "gt": 685.5714285714286,
  "mota": 0.5321277378099828,
  "motp": 0.7249088348981164,
  "mt": 104.0,
  "ml": 71.0,
  "faf": 60.41235039829679,
  "tp": 3062.0,
  "fp": 544.0,
  "fn": 1618.0,
  "ids": 119.0,
  "frag": 72.0,
  "tid": 1.65630081300813,
  "lgd": 2.178735965931088,
  "meta": {
    "use_camera": true,
    "use_lidar": false,
    "use_radar": true,
    "use_map": false,
    "use_external": false
  }
}