{
  "label_metrics": {
    "amota": {
      "bicycle": 0.0,
      "bus": 0.0,
      "car": 0.3772769733769266,
      "motorcycle": 0.6515837104072398,
      "pedestrian": 0.7089451176051319,
      "trailer": 1.0,
      "truck": 0.0
    },
    "amotp": {
      "bicycle": 1.0256847531791906,
      "bus": 1.5876006234084266,
      "car": 0.5463457237410413,
      "motorcycle": 0.2490051152820189,
      "pedestrian": 0.48187888900349424,
      "trailer": 0.0,
      "truck": 0.739367919774425
    },
    "recall": {
      "bicycle": 0.7586206896551724,
      "bus": 0.5465116279069767,
      "car": 0.8768779772810553,
      "motorcycle": 0.9705882352941176,
      "pedestrian": 0.9972789115646259,
      "trailer": 1.0,
      "truck": 0.7740112994350282
    },
    "motar": {
      "bicycle": 0.0,
      "bus": 0.0,
      "car": 0.5030359645025688,
      "motorcycle": 0.7239819004524887,
      "pedestrian": 0.7462580185317178,
      "trailer": 1.0,
      "truck": 0.0
    },
    "gt": {
      "bicycle": 58.0,
      "bus": 86.0,
      "car": 2729.0,
      "motorcycle": 238.0,
      "pedestrian": 1470.0,
      "trailer": 41.0,
      "truck": 177.0
    },
    "mota": {
      "bicycle": 0.0,
      "bus": 0.0,
      "car": 0.3946500549651887,
      "motorcycle": 0.6722689075630253,
      "pedestrian": 0.7122448979591837,
      "trailer": 1.0,
      "truck": 0.0
    },
    "motp": {
      "bicycle": 0.6081210759702725,
      "bus": 0.9690015585210666,
      "car": 0.06179429832138849,
      "motorcycle": 0.05445012809113218,
      "pedestrian": 0.40197777789841493,
      "trailer": 0.0,
      "truck": 0.060566030422192094
    },
    "mt": {
      "bicycle": 4.0,
      "bus": 2.0,
      "car": 122.0,
      "motorcycle": 11.0,
      "pedestrian": 85.0,
      "trailer": 1.0,
      "truck": 5.0
    },
    "ml": {
      "bicycle": 2.0,
      "bus": 0.0,
      "car": 22.0,
      "motorcycle": 0.0,
      "pedestrian": 0.0,
      "trailer": 0.0,
      "truck": 2.0
    },
    "faf": {
      "bicycle": 134.375,
      "bus": 101.06382978723406,
      "car": 656.7901234567901,
      "motorcycle": 85.91549295774648,
      "pedestrian": 273.84615384615387,
      "trailer": 0.0,
      "truck": 213.72549019607843
    },
    "tp": {
      "bicycle": 42.0,
      "bus": 40.0,
      "car": 2141.0,
      "motorcycle": 221.0,
      "pedestrian": 1403.0,
      "trailer": 41.0,
      "truck": 120.0
    },
    "fp": {
      "bicycle": 86.0,
      "bus": 95.0,
      "car": 1064.0,
      "motorcycle": 61.0,
      "pedestrian": 356.0,
      "trailer": 0.0,
      "truck": 327.0
    },
    "fn": {
      "bicycle": 14.0,
      "bus": 39.0,
      "car": 336.0,
      "motorcycle": 7.0,
      "pedestrian": 4.0,
      "trailer": 0.0,
      "truck": 40.0
    },
    "ids": {
      "bicycle": 2.0,
      "bus": 7.0,
      "car": 252.0,
      "motorcycle": 10.0,
      "pedestrian": 63.0,
      "trailer": 0.0,
      "truck": 17.0
    },
    "frag": {
      "bicycle": 1.0,
      "bus": 2.0,
      "car": 6.0,
      "motorcycle": 1.0,
      "pedestrian": 2.0,
      "trailer": 0.0,
      "truck": 1.0
    },
    "tid": {
      "bicycle": 0.7142857142857143,
      "bus": 0.0,
      "car": 0.0625,
      "motorcycle": 0.22727272727272727,
      "pedestrian": 0.0058823529411764705,
      "trailer": 0.0,
      "truck": 0.375
    },
    "lgd": {
      "bicycle": 0.7857142857142857,
      "bus": 3.9,
      "car": 0.8263888888888888,
      "motorcycle": 0.3181818181818182,
      "pedestrian": 0.023529411764705882,
      "trailer": 0.0,
      "truck": 2.0
    }
  },
  "eval_time": 6.6844024658203125,
  "cfg": {
    "tracking_names": [
      "bicycle",
      "bus",
      "car",
      "motorcycle",
      "pedestrian",
      "trailer",
      "truck"
    ],
    "pretty_tracking_names": {
      "bicycle": "Bicycle",
      "bus": "Bus",
      "car": "Car",
      "motorcycle": "Motorcycle",
      "pedestrian": "Pedestrian",
      "trailer": "Trailer",
      "truck": "Truck"
    },
    "tracking_colors": {
      "bicycle": "C9",
      "bus": "C2",
      "car": "C0",
      "motorcycle": "C6",
      "pedestrian": "C5",
      "trailer": "C3",
      "truck": "C1"
    },
    "class_range": {
      "car": 50,
      "truck": 50,
      "bus": 50,
      "trailer": 50,
      "pedestrian": 40,
      "motorcycle": 40,
      "bicycle": 40
    },
    "dist_fcn": "center_distance",
    "dist_th_tp": 2.0,
    "min_recall": 0.1,
    "max_boxes_per_sample": 600,
    "metric_worst": {
      "amota": 0.0,
      "amotp": 2.0,
      "recall": 0.0,
      "motar": 0.0,
      "mota": 0.0,
      "motp": 2.0,
      "mt": 0.0,
      "ml": -1.0,
      "faf": 500,
      "gt": -1,
      "tp": 0.0,
      "fp": -1.0,
      "fn": -1.0,
      "ids": -1.0,
      "frag": -1.0,
      "tid": 20,
      "lgd": 20
    },
    "num_thresholds": 40
  },
  "amota": 0.39111511448418546,
  "amotp": 0.6614118606269425,
  "recall": 0.8462698201624252,
  "motar": 0.42475369764096793,
  "gt": 685.5714285714286,
  "mota": 0.3970234086410568,
  "motp": 0.30798726703206664,
  "mt": 230.0,
  "ml": 26.0,
  "faf": 209.3880128920004,
  "tp": 4008.0,
  "fp": 1989.0,
  "fn": 440.0,
  "ids": 351.0,
  "frag": 13.0,
  "tid": 0.19784868492851684,
  "lgd": 1.1219734863642425,
  "meta": {
    "use_camera": true,
    "use_lidar": false,
    "use_radar": true,
    "use_map": false,
    "use_external": false
  }
}