{
  "label_metrics": {
    "amota": {
      "bicycle": 0.644973203396191,
      "bus": 0.7662954127564057,
      "car": 0.7255552133914367,
      "motorcycle": 0.9437363228735529,
      "pedestrian": 0.879838166377322,
      "trailer": 0.95,
      "truck": 0.6361534094300444
    },
    "amotp": {
      "bicycle": 0.34621680229284335,
      "bus": 0.3148684913938359,
      "car": 0.2520989536865968,
      "motorcycle": 0.10471310719405975,
      "pedestrian": 0.1670476212275406,
      "trailer": 0.1,
      "truck": 0.3636141793220122
    },
    "recall": {
      "bicycle": 0.9482758620689655,
      "bus": 1.0,
      "car": 0.9842433125687065,
      "motorcycle": 1.0,
      "pedestrian": 0.9816326530612245,
      "trailer": 0.975609756097561,
      "truck": 0.9830508474576272
    },
    "motar": {
      "bicycle": 0.8200000000000001,
      "bus": 0.8271604938271605,
      "car": 0.8276278695126863,
      "motorcycle": 0.9956709956709957,
      "pedestrian": 0.9453125,
      "trailer": 1.0,
      "truck": 0.673202614379085
    },
    "gt": {
      "bicycle": 58.0,
      "bus": 86.0,
      "car": 2729.0,
      "motorcycle": 238.0,
      "pedestrian": 1470.0,
      "trailer": 41.0,
      "truck": 177.0
    },
    "mota": {
      "bicycle": 0.7068965517241379,
      "bus": 0.7790697674418605,
      "car": 0.7530230853792598,
      "motorcycle": 0.9663865546218487,
      "pedestrian": 0.9054421768707483,
      "trailer": 0.975609756097561,
      "truck": 0.5819209039548023
    },
    "motp": {
      "bicycle": 0.05862371717329005,
      "bus": 0.19929066809487198,
      "car": 0.07352911555334977,
      "motorcycle": 0.004821521542520034,
      "pedestrian": 0.05944501749598791,
      "trailer": 0.0,
      "truck": 0.10896316040500213
    },
    "mt": {
      "bicycle": 7.0,
      "bus": 5.0,
      "car": 147.0,
      "motorcycle": 11.0,
      "pedestrian": 81.0,
      "trailer": 1.0,
      "truck": 9.0
    },
    "ml": {
      "bicycle": 0.0,
      "bus": 0.0,
      "car": 2.0,
      "motorcycle": 0.0,
      "pedestrian": 2.0,
      "trailer": 0.0,
      "truck": 0.0
    },
    "faf": {
      "bicycle": 20.930232558139537,
      "bus": 21.875,
      "car": 264.1975308641976,
      "motorcycle": 1.5873015873015872,
      "pedestrian": 59.23076923076923,
      "trailer": 0.0,
      "truck": 42.3728813559322
    },
    "tp": {
      "bicycle": 50.0,
      "bus": 81.0,
      "car": 2483.0,
      "motorcycle": 231.0,
      "pedestrian": 1408.0,
      "trailer": 40.0,
      "truck": 153.0
    },
    "fp": {
      "bicycle": 9.0,
      "bus": 14.0,
      "car": 428.0,
      "motorcycle": 1.0,
      "pedestrian": 77.0,
      "trailer": 0.0,
      "truck": 50.0
    },
    "fn": {
      "bicycle": 3.0,
      "bus": 0.0,
      "car": 43.0,
      "motorcycle": 0.0,
      "pedestrian": 27.0,
      "trailer": 1.0,
      "truck": 3.0
    },
    "ids": {
      "bicycle": 5.0,
      "bus": 5.0,
      "car": 203.0,
      "motorcycle": 7.0,
      "pedestrian": 35.0,
      "trailer": 0.0,
      "truck": 21.0
    },
    "frag": {
      "bicycle": 2.0,
      "bus": 0.0,
      "car": 7.0,
      "motorcycle": 0.0,
      "pedestrian": 2.0,
      "trailer": 0.0,
      "truck": 2.0
    },
    "tid": {
      "bicycle": 0.0625,
      "bus": 0.0,
      "car": 0.00980392156862745,
      "motorcycle": 0.0,
      "pedestrian": 0.07228915662650602,
      "trailer": 0.0,
      "truck": 0.0
    },
    "lgd": {
      "bicycle": 0.125,
      "bus": 0.0,
      "car": 0.12091503267973856,
      "motorcycle": 0.0,
      "pedestrian": 0.0783132530120482,
      "trailer": 0.5,
      "truck": 0.1111111111111111
    }
  },
  "eval_time": 53.238099813461304,
  "cfg": {
    "tracking_names": [
      "bicycle",
      "bus",
      "car",
      "motorcycle",
      "pedestrian",
      "trailer",
      "truck"
    ],
    "pretty_tracking_names": {
      "bicycle": "Bicycle",
      "bus": "Bus",
      "car": "Car",
      "motorcycle": "Motorcycle",
      "pedestrian": "Pedestrian",
      "trailer": "Trailer",
      "truck": "Truck"
    },
    "tracking_colors": {
      "bicycle": "C9",
      "bus": "C2",
      "car": "C0",
      "motorcycle": "C6",
      "pedestrian": "C5",
      "trailer": "C3",
      "truck": "C1"
    },
    "class_range": {
      "car": 50,
      "truck": 50,
      "bus": 50,
      "trailer": 50,
      "pedestrian": 40,
      "motorcycle": 40,
      "bicycle": 40
    },
    "dist_fcn": "center_distance",
    "dist_th_tp": 2.0,
    "min_recall": 0.1,
    "max_boxes_per_sample": 600,
    "metric_worst": {
      "amota": 0.0,
      "amotp": 2.0,
      "recall": 0.0,
      "motar": 0.0,
      "mota": 0.0,
      "motp": 2.0,
      "mt": 0.0,
      "ml": -1.0,
      "faf": 500,
      "gt": -1,
      "tp": 0.0,
      "fp": -1.0,
      "fn": -1.0,
      "ids": -1.0,
      "frag": -1.0,
      "tid": 20,
      "lgd": 20
    },
    "num_thresholds": 40
  },
  "amota": 0.7923645326035648,
  "amotp": 0.23550845073098411,
  "recall": 0.9818303473220121,
  "motar": 0.8698534961985611,
  "gt": 685.5714285714286,
  "mota": 0.8097641137271742,
  "motp": 0.07209617146643169,
  "mt": 261.0,
  "ml": 4.0,
  "faf": 58.59910222804859,
  "tp": 4446.0,
  "fp": 579.0,
  "fn": 77.0,
  "ids": 276.0,
  "frag": 13.0,
  "tid": 0.020656154027876208,
  "lgd": 0.1336199138289854,
  "meta": {
    "use_camera": true,
    "use_lidar": false,
    "use_radar": true,
    "use_map": false,
    "use_external": false
  }
}