{
  "label_metrics": {
    "amota": {
      "bicycle": 0.09722222222222224,
      "bus": 0.6588947726778672,
      "car": 0.5178725271635842,
      "motorcycle": 0.44560902186968326,
      "pedestrian": 0.35694123245249976,
      "trailer": 0.1375,
      "truck": 0.3597021728271729
    },
    "amotp": {
      "bicycle": 1.2854993255432543,
      "bus": 1.1324113236058626,
      "car": 1.0761355940438535,
      "motorcycle": 1.321295109749006,
      "pedestrian": 1.46248988499692,
      "trailer": 1.80003224250639,
      "truck": 1.3702883021412138
    },
    "recall": {
      "bicycle": 0.1724137931034483,
      "bus": 0.7325581395348837,
      "car": 0.6456577500916086,
      "motorcycle": 0.46218487394957986,
      "pedestrian": 0.5040816326530613,
      "trailer": 0.5853658536585366,
      "truck": 0.480225988700565
    },
    "motar": {
      "bicycle": 0.7777777777777778,
      "bus": 0.9365079365079365,
      "car": 0.9049098819142325,
      "motorcycle": 0.9809523809523809,
      "pedestrian": 0.8241042345276873,
      "trailer": 0.25,
      "truck": 0.9249999999999998
    },
    "gt": {
      "bicycle": 58.0,
      "bus": 86.0,
      "car": 2729.0,
      "motorcycle": 238.0,
      "pedestrian": 1470.0,
      "trailer": 41.0,
      "truck": 177.0
    },
    "mota": {
      "bicycle": 0.12068965517241381,
      "bus": 0.686046511627907,
      "car": 0.5335287651154269,
      "motorcycle": 0.4327731092436975,
      "pedestrian": 0.3442176870748299,
      "trailer": 0.14634146341463417,
      "truck": 0.4180790960451978
    },
    "motp": {
      "bicycle": 0.6237840552900427,
      "bus": 0.7299144706908962,
      "car": 0.37312971266728995,
      "motorcycle": 0.5392492714417932,
      "pedestrian": 0.7079940530607067,
      "trailer": 1.6364222591025268,
      "truck": 0.42804893978509007
    },
    "mt": {
      "bicycle": 1.0,
      "bus": 3.0,
      "car": 56.0,
      "motorcycle": 1.0,
      "pedestrian": 13.0,
      "trailer": 0.0,
      "truck": 1.0
    },
    "ml": {
      "bicycle": 6.0,
      "bus": 0.0,
      "car": 32.0,
      "motorcycle": 4.0,
      "pedestrian": 32.0,
      "trailer": 0.0,
      "truck": 4.0
    },
    "faf": {
      "bicycle": 5.263157894736842,
      "bus": 6.25,
      "car": 94.44444444444444,
      "motorcycle": 3.1746031746031744,
      "pedestrian": 83.07692307692308,
      "trailer": 42.857142857142854,
      "truck": 5.084745762711865
    },
    "tp": {
      "bicycle": 9.0,
      "bus": 63.0,
      "car": 1609.0,
      "motorcycle": 105.0,
      "pedestrian": 614.0,
      "trailer": 24.0,
      "truck": 80.0
    },
    "fp": {
      "bicycle": 2.0,
      "bus": 4.0,
      "car": 153.0,
      "motorcycle": 2.0,
      "pedestrian": 108.0,
      "trailer": 18.0,
      "truck": 6.0
    },
    "fn": {
      "bicycle": 48.0,
      "bus": 23.0,
      "car": 967.0,
      "motorcycle": 128.0,
      "pedestrian": 729.0,
      "trailer": 17.0,
      "truck": 92.0
    },
    "ids": {
      "bicycle": 1.0,
      "bus": 0.0,
      "car": 153.0,
      "motorcycle": 5.0,
      "pedestrian": 127.0,
      "trailer": 0.0,
      "truck": 5.0
    },
    "frag": {
      "bicycle": 1.0,
      "bus": 2.0,
      "car": 64.0,
      "motorcycle": 4.0,
      "pedestrian": 60.0,
      "trailer": 12.0,
      "truck": 4.0
    },
    "tid": {
      "bicycle": 0.0,
      "bus": 1.4,
      "car": 1.562992125984252,
      "motorcycle": 4.0,
      "pedestrian": 1.9741379310344827,
      "trailer": 1.5,
      "truck": 1.6666666666666667
    },
    "lgd": {
      "bicycle": 1.5,
      "bus": 1.6,
      "car": 2.1102362204724407,
      "motorcycle": 4.65,
      "pedestrian": 2.6810344827586206,
      "trailer": 1.5,
      "truck": 2.5
    }
  },
  "eval_time": 28.02980327606201,
  "cfg": {
    "tracking_names": [
      "bicycle",
      "bus",
      "car",
      "motorcycle",
      "pedestrian",
      "trailer",
      "truck"
    ],
    "pretty_tracking_names": {
      "bicycle": "Bicycle",
      "bus": "Bus",
      "car": "Car",
      "motorcycle": "Motorcycle",
      "pedestrian": "Pedestrian",
      "trailer": "Trailer",
      "truck": "Truck"
    },
    "tracking_colors": {
      "bicycle": "C9",
      "bus": "C2",
      "car": "C0",
      "motorcycle": "C6",
      "pedestrian": "C5",
      "trailer": "C3",
      "truck": "C1"
    },
    "class_range": {
      "car": 50,
      "truck": 50,
      "bus": 50,
      "trailer": 50,
      "pedestrian": 40,
      "motorcycle": 40,
      "bicycle": 40
    },
    "dist_fcn": "center_distance",
    "dist_th_tp": 2.0,
    "min_recall": 0.1,
    "max_boxes_per_sample": 600,
    "metric_worst": {
      "amota": 0.0,
      "amotp": 2.0,
      "recall": 0.0,
      "motar": 0.0,
      "mota": 0.0,
      "motp": 2.0,
      "mt": 0.0,
      "ml": -1.0,
      "faf": 500,
      "gt": -1,
      "tp": 0.0,
      "fp": -1.0,
      "fn": -1.0,
      "ids": -1.0,
      "frag": -1.0,
      "tid": 20,
      "lgd": 20
    },
    "num_thresholds": 40
  },
  "amota": 0.36767742131614717,
  "amotp": 1.3497359689409285,
  "recall": 0.5117840045273833,
  "motar": 0.7998931730971449,
  "gt": 685.5714285714286,
  "mota": 0.38309661252772953,
  "motp": 0.7197918231483351,
  "mt": 75.0,
  "ml": 78.0,
  "faf": 34.30728817293747,
  "tp": 2504.0,
  "fp": 293.0,
  "fn": 2004.0,
  "ids": 291.0,
  "frag": 147.0,
  "tid": 1.729113817669343,
  "lgd": 2.363038671890152,
  "meta": {
    "use_camera": true,
    "use_lidar": false,
    "use_radar": true,
    "use_map": false,
    "use_external": false
  }
}