{
  "label_metrics": {
    "amota": {
      "bicycle": 0.31115521978021976,
      "bus": 0.5469587835134054,
      "car": 0.5405511837722682,
      "motorcycle": 0.3725390156062425,
      "pedestrian": 0.279508626755424,
      "trailer": 0.0,
      "truck": 0.16956489787200996
    },
    "amotp": {
      "bicycle": 1.3390408507370257,
      "bus": 1.1960021648173587,
      "car": 1.053764452273591,
      "motorcycle": 1.4525758217726008,
      "pedestrian": 1.2432642904987268,
      "trailer": 2.0,
      "truck": 1.417691383592651
    },
    "recall": {
      "bicycle": 0.5,
      "bus": 0.5930232558139535,
      "car": 0.6467570538658849,
      "motorcycle": 0.42016806722689076,
      "pedestrian": 0.48639455782312924,
      "trailer": 0.0,
      "truck": 0.4406779661016949
    },
    "motar": {
      "bicycle": 0.607142857142857,
      "bus": 0.980392156862745,
      "car": 0.9239976062238182,
      "motorcycle": 0.9897959183673469,
      "pedestrian": 0.6609105180533752,
      "trailer": 0.0,
      "truck": 0.44594594594594616
    },
    "gt": {
      "bicycle": 58.0,
      "bus": 86.0,
      "car": 2729.0,
      "motorcycle": 238.0,
      "pedestrian": 1470.0,
      "trailer": 41.0,
      "truck": 177.0
    },
    "mota": {
      "bicycle": 0.2931034482758621,
      "bus": 0.5813953488372092,
      "car": 0.5657750091608648,
      "motorcycle": 0.40756302521008403,
      "pedestrian": 0.2863945578231293,
      "trailer": 0.0,
      "truck": 0.18644067796610164
    },
    "motp": {
      "bicycle": 0.7274245380447711,
      "bus": 0.6825197086130472,
      "car": 0.40787079793815706,
      "motorcycle": 0.5178031638295341,
      "pedestrian": 0.8077853480345456,
      "trailer": 2.0,
      "truck": 0.4529821631920202
    },
    "mt": {
      "bicycle": 1.0,
      "bus": 2.0,
      "car": 58.0,
      "motorcycle": 1.0,
      "pedestrian": 16.0,
      "trailer": 0.0,
      "truck": 0.0
    },
    "ml": {
      "bicycle": 3.0,
      "bus": 0.0,
      "car": 32.0,
      "motorcycle": 4.0,
      "pedestrian": 33.0,
      "trailer": 1.0,
      "truck": 4.0
    },
    "faf": {
      "bicycle": 25.581395348837212,
      "bus": 1.5625,
      "car": 78.39506172839506,
      "motorcycle": 1.5873015873015872,
      "pedestrian": 164.8854961832061,
      "trailer": 500.0,
      "truck": 34.74576271186441
    },
    "tp": {
      "bicycle": 28.0,
      "bus": 51.0,
      "car": 1671.0,
      "motorcycle": 98.0,
      "pedestrian": 637.0,
      "trailer": 0.0,
      "truck": 74.0
    },
    "fp": {
      "bicycle": 11.0,
      "bus": 1.0,
      "car": 127.0,
      "motorcycle": 1.0,
      "pedestrian": 216.0,
      "trailer": NaN,
      "truck": 41.0
    },
    "fn": {
      "bicycle": 29.0,
      "bus": 35.0,
      "car": 964.0,
      "motorcycle": 138.0,
      "pedestrian": 755.0,
      "trailer": 41.0,
      "truck": 99.0
    },
    "ids": {
      "bicycle": 1.0,
      "bus": 0.0,
      "car": 94.0,
      "motorcycle": 2.0,
      "pedestrian": 78.0,
      "trailer": NaN,
      "truck": 4.0
    },
    "frag": {
      "bicycle": 2.0,
      "bus": 1.0,
      "car": 68.0,
      "motorcycle": 1.0,
      "pedestrian": 43.0,
      "trailer": NaN,
      "truck": 1.0
    },
    "tid": {
      "bicycle": 0.9166666666666666,
      "bus": 1.6,
      "car": 1.531496062992126,
      "motorcycle": 3.8125,
      "pedestrian": 1.2894736842105263,
      "trailer": 20.0,
      "truck": 1.6
    },
    "lgd": {
      "bicycle": 1.3333333333333333,
      "bus": 2.5,
      "car": 2.0708661417322833,
      "motorcycle": 4.0,
      "pedestrian": 3.2280701754385963,
      "trailer": 20.0,
      "truck": 3.2
    }
  },
  "eval_time": 37.29829454421997,
  "cfg": {
    "tracking_names": [
      "bicycle",
      "bus",
      "car",
      "motorcycle",
      "pedestrian",
      "trailer",
      "truck"
    ],
    "pretty_tracking_names": {
      "bicycle": "Bicycle",
      "bus": "Bus",
      "car": "Car",
      "motorcycle": "Motorcycle",
      "pedestrian": "Pedestrian",
      "trailer": "Trailer",
      "truck": "Truck"
    },
    "tracking_colors": {
      "bicycle": "C9",
      "bus": "C2",
      "car": "C0",
      "motorcycle": "C6",
      "pedestrian": "C5",
      "trailer": "C3",
      "truck": "C1"
    },
    "class_range": {
      "car": 50,
      "truck": 50,
      "bus": 50,
      "trailer": 50,
      "pedestrian": 40,
      "motorcycle": 40,
      "bicycle": 40
    },
    "dist_fcn": "center_distance",
    "dist_th_tp": 2.0,
    "min_recall": 0.1,
    "max_boxes_per_sample": 600,
    "metric_worst": {
      "amota": 0.0,
      "amotp": 2.0,
      "recall": 0.0,
      "motar": 0.0,
      "mota": 0.0,
      "motp": 2.0,
      "mt": 0.0,
      "ml": -1.0,
      "faf": 500,
      "gt": -1,
      "tp": 0.0,
      "fp": -1.0,
      "fn": -1.0,
      "ids": -1.0,
      "frag": -1.0,
      "tid": 20,
      "lgd": 20
    },
    "num_thresholds": 40
  },
  "amota": 0.31718253247136713,
  "amotp": 1.386048423384565,
  "recall": 0.4410029858330791,
  "motar": 0.6583121432280127,
  "gt": 685.5714285714286,
  "mota": 0.3315245810390358,
  "motp": 0.7994836742360107,
  "mt": 78.0,
  "ml": 77.0,
  "faf": 115.25107393708632,
  "tp": 2559.0,
  "fp": 397.0,
  "fn": 2061.0,
  "ids": 179.0,
  "frag": 116.0,
  "tid": 4.3928766305527605,
  "lgd": 5.190324235786316,
  "meta": {
    "use_camera": true,
    "use_lidar": false,
    "use_radar": true,
    "use_map": false,
    "use_external": false
  }
}