{
  "label_metrics": {
    "amota": {
      "bicycle": 0.0,
      "bus": 0.5334893957583032,
      "car": 0.5352572292557609,
      "motorcycle": 0.3621034411093786,
      "pedestrian": 0.24784661961073481,
      "trailer": 0.0,
      "truck": 0.0
    },
    "amotp": {
      "bicycle": 2.0,
      "bus": 1.310675540777043,
      "car": 1.0528113772763343,
      "motorcycle": 1.448715058395461,
      "pedestrian": 1.2041499299697844,
      "trailer": 2.0,
      "truck": 2.0
    },
    "recall": {
      "bicycle": 0.0,
      "bus": 0.5930232558139535,
      "car": 0.6364968853059729,
      "motorcycle": 0.42857142857142855,
      "pedestrian": 0.44761904761904764,
      "trailer": 0.0,
      "truck": 0.0
    },
    "motar": {
      "bicycle": 0.0,
      "bus": 0.980392156862745,
      "car": 0.9213213213213213,
      "motorcycle": 0.9797979797979796,
      "pedestrian": 0.7640067911714769,
      "trailer": 0.0,
      "truck": 0.0
    },
    "gt": {
      "bicycle": 58.0,
      "bus": 86.0,
      "car": 2729.0,
      "motorcycle": 238.0,
      "pedestrian": 1470.0,
      "trailer": 41.0,
      "truck": 177.0
    },
    "mota": {
      "bicycle": 0.0,
      "bus": 0.5813953488372092,
      "car": 0.5621106632466104,
      "motorcycle": 0.40756302521008403,
      "pedestrian": 0.30612244897959184,
      "trailer": 0.0,
      "truck": 0.0
    },
    "motp": {
      "bicycle": 2.0,
      "bus": 0.6825197086130473,
      "car": 0.4053946231055715,
      "motorcycle": 0.4882345789029903,
      "pedestrian": 0.8433482517564392,
      "trailer": 2.0,
      "truck": 2.0
    },
    "mt": {
      "bicycle": 0.0,
      "bus": 2.0,
      "car": 54.0,
      "motorcycle": 1.0,
      "pedestrian": 20.0,
      "trailer": 0.0,
      "truck": 0.0
    },
    "ml": {
      "bicycle": 8.0,
      "bus": 0.0,
      "car": 37.0,
      "motorcycle": 4.0,
      "pedestrian": 40.0,
      "trailer": 1.0,
      "truck": 9.0
    },
    "faf": {
      "bicycle": 500.0,
      "bus": 1.5625,
      "car": 80.8641975308642,
      "motorcycle": 3.1746031746031744,
      "pedestrian": 105.3030303030303,
      "trailer": 500.0,
      "truck": 500.0
    },
    "tp": {
      "bicycle": 0.0,
      "bus": 51.0,
      "car": 1665.0,
      "motorcycle": 99.0,
      "pedestrian": 589.0,
      "trailer": 0.0,
      "truck": 0.0
    },
    "fp": {
      "bicycle": NaN,
      "bus": 1.0,
      "car": 131.0,
      "motorcycle": 2.0,
      "pedestrian": 139.0,
      "trailer": NaN,
      "truck": NaN
    },
    "fn": {
      "bicycle": 58.0,
      "bus": 35.0,
      "car": 992.0,
      "motorcycle": 136.0,
      "pedestrian": 812.0,
      "trailer": 41.0,
      "truck": 177.0
    },
    "ids": {
      "bicycle": NaN,
      "bus": 0.0,
      "car": 72.0,
      "motorcycle": 3.0,
      "pedestrian": 69.0,
      "trailer": NaN,
      "truck": NaN
    },
    "frag": {
      "bicycle": NaN,
      "bus": 1.0,
      "car": 72.0,
      "motorcycle": 3.0,
      "pedestrian": 38.0,
      "trailer": NaN,
      "truck": NaN
    },
    "tid": {
      "bicycle": 20.0,
      "bus": 1.6,
      "car": 1.462809917355372,
      "motorcycle": 2.375,
      "pedestrian": 1.5185185185185186,
      "trailer": 20.0,
      "truck": 20.0
    },
    "lgd": {
      "bicycle": 20.0,
      "bus": 2.5,
      "car": 2.0950413223140494,
      "motorcycle": 3.125,
      "pedestrian": 3.4722222222222223,
      "trailer": 20.0,
      "truck": 20.0
    }
  },
  "eval_time": 35.28727626800537,
  "cfg": {
    "tracking_names": [
      "bicycle",
      "bus",
      "car",
      "motorcycle",
      "pedestrian",
      "trailer",
      "truck"
    ],
    "pretty_tracking_names": {
      "bicycle": "Bicycle",
      "bus": "Bus",
      "car": "Car",
      "motorcycle": "Motorcycle",
      "pedestrian": "Pedestrian",
      "trailer": "Trailer",
      "truck": "Truck"
    },
    "tracking_colors": {
      "bicycle": "C9",
      "bus": "C2",
      "car": "C0",
      "motorcycle": "C6",
      "pedestrian": "C5",
      "trailer": "C3",
      "truck": "C1"
    },
    "class_range": {
      "car": 50,
      "truck": 50,
      "bus": 50,
      "trailer": 50,
      "pedestrian": 40,
      "motorcycle": 40,
      "bicycle": 40
    },
    "dist_fcn": "center_distance",
    "dist_th_tp": 2.0,
    "min_recall": 0.1,
    "max_boxes_per_sample": 600,
    "metric_worst": {
      "amota": 0.0,
      "amotp": 2.0,
      "recall": 0.0,
      "motar": 0.0,
      "mota": 0.0,
      "motp": 2.0,
      "mt": 0.0,
      "ml": -1.0,
      "faf": 500,
      "gt": -1,
      "tp": 0.0,
      "fp": -1.0,
      "fn": -1.0,
      "ids": -1.0,
      "frag": -1.0,
      "tid": 20,
      "lgd": 20
    },
    "num_thresholds": 40
  },
  "amota": 0.23981381224773962,
  "amotp": 1.5737645580598032,
  "recall": 0.3008158024729147,
  "motar": 0.5207883213076461,
  "gt": 685.5714285714286,
  "mota": 0.2653130694676422,
  "motp": 1.2027853089111498,
  "mt": 77.0,
  "ml": 99.0,
  "faf": 241.5577615726425,
  "tp": 2404.0,
  "fp": 273.0,
  "fn": 2251.0,
  "ids": 144.0,
  "frag": 114.0,
  "tid": 9.565189776553414,
  "lgd": 10.170323363505181,
  "meta": {
    "use_camera": true,
    "use_lidar": false,
    "use_radar": true,
    "use_map": false,
    "use_external": false
  }
}