{
  "label_metrics": {
    "amota": {
      "bicycle": 0.1045386904761905,
      "bus": 0.5334876929495203,
      "car": 0.5333040344166883,
      "motorcycle": 0.36147337421279924,
      "pedestrian": 0.24784661961073481,
      "trailer": 0.0,
      "truck": 0.0894346589292826
    },
    "amotp": {
      "bicycle": 1.3210865754844872,
      "bus": 1.3119340121549727,
      "car": 1.0530704379283797,
      "motorcycle": 1.447231633145639,
      "pedestrian": 1.2041499299697844,
      "trailer": 2.0,
      "truck": 1.3704390965229252
    },
    "recall": {
      "bicycle": 0.5862068965517241,
      "bus": 0.5930232558139535,
      "car": 0.6372297544888238,
      "motorcycle": 0.4495798319327731,
      "pedestrian": 0.44761904761904764,
      "trailer": 0.0,
      "truck": 0.480225988700565
    },
    "motar": {
      "bicycle": 0.3125,
      "bus": 0.980392156862745,
      "car": 0.9214628297362111,
      "motorcycle": 0.9306930693069306,
      "pedestrian": 0.7640067911714769,
      "trailer": 0.0,
      "truck": 0.3950617283950617
    },
    "gt": {
      "bicycle": 58.0,
      "bus": 86.0,
      "car": 2729.0,
      "motorcycle": 238.0,
      "pedestrian": 1470.0,
      "trailer": 41.0,
      "truck": 177.0
    },
    "mota": {
      "bicycle": 0.1724137931034483,
      "bus": 0.5813953488372092,
      "car": 0.5632099670208868,
      "motorcycle": 0.39495798319327735,
      "pedestrian": 0.30612244897959184,
      "trailer": 0.0,
      "truck": 0.1807909604519774
    },
    "motp": {
      "bicycle": 0.67698218839812,
      "bus": 0.6825197086130472,
      "car": 0.4047698216878881,
      "motorcycle": 0.5460556242638166,
      "pedestrian": 0.843348251756439,
      "trailer": 2.0,
      "truck": 0.47009050017448956
    },
    "mt": {
      "bicycle": 1.0,
      "bus": 2.0,
      "car": 55.0,
      "motorcycle": 1.0,
      "pedestrian": 20.0,
      "trailer": 0.0,
      "truck": 1.0
    },
    "ml": {
      "bicycle": 2.0,
      "bus": 0.0,
      "car": 37.0,
      "motorcycle": 4.0,
      "pedestrian": 40.0,
      "trailer": 1.0,
      "truck": 4.0
    },
    "faf": {
      "bicycle": 51.162790697674424,
      "bus": 1.5625,
      "car": 80.8641975308642,
      "motorcycle": 11.11111111111111,
      "pedestrian": 105.3030303030303,
      "trailer": 500.0,
      "truck": 41.17647058823529
    },
    "tp": {
      "bicycle": 32.0,
      "bus": 51.0,
      "car": 1668.0,
      "motorcycle": 101.0,
      "pedestrian": 589.0,
      "trailer": 0.0,
      "truck": 81.0
    },
    "fp": {
      "bicycle": 22.0,
      "bus": 1.0,
      "car": 131.0,
      "motorcycle": 7.0,
      "pedestrian": 139.0,
      "trailer": NaN,
      "truck": 49.0
    },
    "fn": {
      "bicycle": 24.0,
      "bus": 35.0,
      "car": 990.0,
      "motorcycle": 131.0,
      "pedestrian": 812.0,
      "trailer": 41.0,
      "truck": 92.0
    },
    "ids": {
      "bicycle": 2.0,
      "bus": 0.0,
      "car": 71.0,
      "motorcycle": 6.0,
      "pedestrian": 69.0,
      "trailer": NaN,
      "truck": 4.0
    },
    "frag": {
      "bicycle": 3.0,
      "bus": 1.0,
      "car": 72.0,
      "motorcycle": 5.0,
      "pedestrian": 38.0,
      "trailer": NaN,
      "truck": 4.0
    },
    "tid": {
      "bicycle": 0.4166666666666667,
      "bus": 1.6,
      "car": 1.475206611570248,
      "motorcycle": 3.3333333333333335,
      "pedestrian": 1.5185185185185186,
      "trailer": 20.0,
      "truck": 1.6666666666666667
    },
    "lgd": {
      "bicycle": 1.0,
      "bus": 2.5,
      "car": 2.090909090909091,
      "motorcycle": 3.888888888888889,
      "pedestrian": 3.4722222222222223,
      "trailer": 20.0,
      "truck": 2.5
    }
  },
  "eval_time": 37.81602907180786,
  "cfg": {
    "tracking_names": [
      "bicycle",
      "bus",
      "car",
      "motorcycle",
      "pedestrian",
      "trailer",
      "truck"
    ],
    "pretty_tracking_names": {
      "bicycle": "Bicycle",
      "bus": "Bus",
      "car": "Car",
      "motorcycle": "Motorcycle",
      "pedestrian": "Pedestrian",
      "trailer": "Trailer",
      "truck": "Truck"
    },
    "tracking_colors": {
      "bicycle": "C9",
      "bus": "C2",
      "car": "C0",
      "motorcycle": "C6",
      "pedestrian": "C5",
      "trailer": "C3",
      "truck": "C1"
    },
    "class_range": {
      "car": 50,
      "truck": 50,
      "bus": 50,
      "trailer": 50,
      "pedestrian": 40,
      "motorcycle": 40,
      "bicycle": 40
    },
    "dist_fcn": "center_distance",
    "dist_th_tp": 2.0,
    "min_recall": 0.1,
    "max_boxes_per_sample": 600,
    "metric_worst": {
      "amota": 0.0,
      "amotp": 2.0,
      "recall": 0.0,
      "motar": 0.0,
      "mota": 0.0,
      "motp": 2.0,
      "mt": 0.0,
      "ml": -1.0,
      "faf": 500,
      "gt": -1,
      "tp": 0.0,
      "fp": -1.0,
      "fn": -1.0,
      "ids": -1.0,
      "frag": -1.0,
      "tid": 20,
      "lgd": 20
    },
    "num_thresholds": 40
  },
  "amota": 0.2671550100850308,
  "amotp": 1.386844526458027,
  "recall": 0.4562692535866982,
  "motar": 0.6148737964960608,
  "gt": 685.5714285714286,
  "mota": 0.3141272145123416,
  "motp": 0.8033951564134,
  "mt": 80.0,
  "ml": 88.0,
  "faf": 113.02572860441647,
  "tp": 2522.0,
  "fp": 349.0,
  "fn": 2125.0,
  "ids": 152.0,
  "frag": 123.0,
  "tid": 4.287198828107919,
  "lgd": 5.0645743145743145,
  "meta": {
    "use_camera": true,
    "use_lidar": false,
    "use_radar": true,
    "use_map": false,
    "use_external": false
  }
}