{
  "label_metrics": {
    "amota": {
      "bicycle": 0.644973203396191,
      "bus": 0.7205297013870184,
      "car": 0.7186923281812533,
      "motorcycle": 0.9657771382294754,
      "pedestrian": 0.8829407325535369,
      "trailer": 0.95,
      "truck": 0.6309393149893621
    },
    "amotp": {
      "bicycle": 0.3545379057551581,
      "bus": 0.36893210150795935,
      "car": 0.256298853475576,
      "motorcycle": 0.0560896313420563,
      "pedestrian": 0.1744785724996003,
      "trailer": 0.1,
      "truck": 0.36807904959757975
    },
    "recall": {
      "bicycle": 0.9482758620689655,
      "bus": 1.0,
      "car": 0.9824111396115793,
      "motorcycle": 0.9957983193277311,
      "pedestrian": 0.9870748299319728,
      "trailer": 0.975609756097561,
      "truck": 0.9830508474576272
    },
    "motar": {
      "bicycle": 0.8200000000000001,
      "bus": 0.8227848101265823,
      "car": 0.8299562971791816,
      "motorcycle": 0.9957446808510638,
      "pedestrian": 0.9438521677327647,
      "trailer": 1.0,
      "truck": 0.6794871794871795
    },
    "gt": {
      "bicycle": 58.0,
      "bus": 86.0,
      "car": 2729.0,
      "motorcycle": 238.0,
      "pedestrian": 1470.0,
      "trailer": 41.0,
      "truck": 177.0
    },
    "mota": {
      "bicycle": 0.7068965517241379,
      "bus": 0.7558139534883721,
      "car": 0.7654818614877245,
      "motorcycle": 0.9831932773109243,
      "pedestrian": 0.9034013605442177,
      "trailer": 0.975609756097561,
      "truck": 0.5988700564971752
    },
    "motp": {
      "bicycle": 0.07024406326690671,
      "bus": 0.20811351722405716,
      "car": 0.0771505305176307,
      "motorcycle": 0.005950431744461209,
      "pedestrian": 0.06483251971536204,
      "trailer": 0.0,
      "truck": 0.1149962844893171
    },
    "mt": {
      "bicycle": 7.0,
      "bus": 5.0,
      "car": 147.0,
      "motorcycle": 11.0,
      "pedestrian": 82.0,
      "trailer": 1.0,
      "truck": 9.0
    },
    "ml": {
      "bicycle": 0.0,
      "bus": 0.0,
      "car": 2.0,
      "motorcycle": 0.0,
      "pedestrian": 3.0,
      "trailer": 0.0,
      "truck": 0.0
    },
    "faf": {
      "bicycle": 20.930232558139537,
      "bus": 21.875,
      "car": 264.1975308641976,
      "motorcycle": 1.5873015873015872,
      "pedestrian": 60.76923076923077,
      "trailer": 0.0,
      "truck": 42.3728813559322
    },
    "tp": {
      "bicycle": 50.0,
      "bus": 79.0,
      "car": 2517.0,
      "motorcycle": 235.0,
      "pedestrian": 1407.0,
      "trailer": 40.0,
      "truck": 156.0
    },
    "fp": {
      "bicycle": 9.0,
      "bus": 14.0,
      "car": 428.0,
      "motorcycle": 1.0,
      "pedestrian": 79.0,
      "trailer": 0.0,
      "truck": 50.0
    },
    "fn": {
      "bicycle": 3.0,
      "bus": 0.0,
      "car": 48.0,
      "motorcycle": 1.0,
      "pedestrian": 19.0,
      "trailer": 1.0,
      "truck": 3.0
    },
    "ids": {
      "bicycle": 5.0,
      "bus": 7.0,
      "car": 164.0,
      "motorcycle": 2.0,
      "pedestrian": 44.0,
      "trailer": 0.0,
      "truck": 18.0
    },
    "frag": {
      "bicycle": 2.0,
      "bus": 0.0,
      "car": 7.0,
      "motorcycle": 1.0,
      "pedestrian": 2.0,
      "trailer": 0.0,
      "truck": 2.0
    },
    "tid": {
      "bicycle": 0.0625,
      "bus": 0.0,
      "car": 0.026143790849673203,
      "motorcycle": 0.0,
      "pedestrian": 0.0,
      "trailer": 0.0,
      "truck": 0.0
    },
    "lgd": {
      "bicycle": 0.125,
      "bus": 0.0,
      "car": 0.13725490196078433,
      "motorcycle": 0.045454545454545456,
      "pedestrian": 0.006097560975609756,
      "trailer": 0.5,
      "truck": 0.1111111111111111
    }
  },
  "eval_time": 53.09152960777283,
  "cfg": {
    "tracking_names": [
      "bicycle",
      "bus",
      "car",
      "motorcycle",
      "pedestrian",
      "trailer",
      "truck"
    ],
    "pretty_tracking_names": {
      "bicycle": "Bicycle",
      "bus": "Bus",
      "car": "Car",
      "motorcycle": "Motorcycle",
      "pedestrian": "Pedestrian",
      "trailer": "Trailer",
      "truck": "Truck"
    },
    "tracking_colors": {
      "bicycle": "C9",
      "bus": "C2",
      "car": "C0",
      "motorcycle": "C6",
      "pedestrian": "C5",
      "trailer": "C3",
      "truck": "C1"
    },
    "class_range": {
      "car": 50,
      "truck": 50,
      "bus": 50,
      "trailer": 50,
      "pedestrian": 40,
      "motorcycle": 40,
      "bicycle": 40
    },
    "dist_fcn": "center_distance",
    "dist_th_tp": 2.0,
    "min_recall": 0.1,
    "max_boxes_per_sample": 600,
    "metric_worst": {
      "amota": 0.0,
      "amotp": 2.0,
      "recall": 0.0,
      "motar": 0.0,
      "mota": 0.0,
      "motp": 2.0,
      "mt": 0.0,
      "ml": -1.0,
      "faf": 500,
      "gt": -1,
      "tp": 0.0,
      "fp": -1.0,
      "fn": -1.0,
      "ids": -1.0,
      "frag": -1.0,
      "tid": 20,
      "lgd": 20
    },
    "num_thresholds": 40
  },
  "amota": 0.7876932026766911,
  "amotp": 0.23977373059684717,
  "recall": 0.9817458220707768,
  "motar": 0.8702607336252531,
  "gt": 685.5714285714286,
  "mota": 0.8127524024500161,
  "motp": 0.077326763851105,
  "mt": 262.0,
  "ml": 5.0,
  "faf": 58.818882447828805,
  "tp": 4484.0,
  "fp": 581.0,
  "fn": 75.0,
  "ids": 240.0,
  "frag": 14.0,
  "tid": 0.012663398692810458,
  "lgd": 0.13213115992886437,
  "meta": {
    "use_camera": true,
    "use_lidar": false,
    "use_radar": true,
    "use_map": false,
    "use_external": false
  }
}