{
  "label_metrics": {
    "amota": {
      "bicycle": 0.2944656593406593,
      "bus": 0.5469587835134054,
      "car": 0.5421080755715669,
      "motorcycle": 0.372523281157123,
      "pedestrian": 0.25986486572898715,
      "trailer": 0.0,
      "truck": 0.16956489787200996
    },
    "amotp": {
      "bicycle": 1.3390408507370257,
      "bus": 1.1960021648173587,
      "car": 1.0516823244572784,
      "motorcycle": 1.4493856674501018,
      "pedestrian": 1.2334996880070952,
      "trailer": 2.0,
      "truck": 1.417691383592651
    },
    "recall": {
      "bicycle": 0.4482758620689655,
      "bus": 0.5930232558139535,
      "car": 0.6438255771344815,
      "motorcycle": 0.47058823529411764,
      "pedestrian": 0.5673469387755102,
      "trailer": 0.0,
      "truck": 0.4406779661016949
    },
    "motar": {
      "bicycle": 0.64,
      "bus": 0.980392156862745,
      "car": 0.9251944943147817,
      "motorcycle": 0.941747572815534,
      "pedestrian": 0.5252387448840382,
      "trailer": 0.0,
      "truck": 0.44594594594594616
    },
    "gt": {
      "bicycle": 58.0,
      "bus": 86.0,
      "car": 2729.0,
      "motorcycle": 238.0,
      "pedestrian": 1470.0,
      "trailer": 41.0,
      "truck": 177.0
    },
    "mota": {
      "bicycle": 0.27586206896551724,
      "bus": 0.5813953488372092,
      "car": 0.5665078783437156,
      "motorcycle": 0.40756302521008403,
      "pedestrian": 0.26190476190476186,
      "trailer": 0.0,
      "truck": 0.18644067796610164
    },
    "motp": {
      "bicycle": 0.7074430651109741,
      "bus": 0.6825197086130472,
      "car": 0.4075786132122592,
      "motorcycle": 0.5874253896723324,
      "pedestrian": 0.7371477077159507,
      "trailer": 2.0,
      "truck": 0.4529821631920202
    },
    "mt": {
      "bicycle": 1.0,
      "bus": 2.0,
      "car": 57.0,
      "motorcycle": 1.0,
      "pedestrian": 22.0,
      "trailer": 0.0,
      "truck": 0.0
    },
    "ml": {
      "bicycle": 4.0,
      "bus": 0.0,
      "car": 32.0,
      "motorcycle": 3.0,
      "pedestrian": 30.0,
      "trailer": 1.0,
      "truck": 4.0
    },
    "faf": {
      "bicycle": 21.428571428571427,
      "bus": 1.5625,
      "car": 77.1604938271605,
      "motorcycle": 9.523809523809524,
      "pedestrian": 265.64885496183206,
      "trailer": 500.0,
      "truck": 34.74576271186441
    },
    "tp": {
      "bicycle": 25.0,
      "bus": 51.0,
      "car": 1671.0,
      "motorcycle": 103.0,
      "pedestrian": 733.0,
      "trailer": 0.0,
      "truck": 74.0
    },
    "fp": {
      "bicycle": 9.0,
      "bus": 1.0,
      "car": 125.0,
      "motorcycle": 6.0,
      "pedestrian": 348.0,
      "trailer": NaN,
      "truck": 41.0
    },
    "fn": {
      "bicycle": 32.0,
      "bus": 35.0,
      "car": 972.0,
      "motorcycle": 126.0,
      "pedestrian": 636.0,
      "trailer": 41.0,
      "truck": 99.0
    },
    "ids": {
      "bicycle": 1.0,
      "bus": 0.0,
      "car": 86.0,
      "motorcycle": 9.0,
      "pedestrian": 101.0,
      "trailer": NaN,
      "truck": 4.0
    },
    "frag": {
      "bicycle": 2.0,
      "bus": 1.0,
      "car": 65.0,
      "motorcycle": 7.0,
      "pedestrian": 44.0,
      "trailer": NaN,
      "truck": 1.0
    },
    "tid": {
      "bicycle": 0.5,
      "bus": 1.6,
      "car": 1.5436507936507937,
      "motorcycle": 3.6666666666666665,
      "pedestrian": 1.0862068965517242,
      "trailer": 20.0,
      "truck": 1.6
    },
    "lgd": {
      "bicycle": 1.125,
      "bus": 2.5,
      "car": 2.107142857142857,
      "motorcycle": 3.7222222222222223,
      "pedestrian": 2.5258620689655173,
      "trailer": 20.0,
      "truck": 3.2
    }
  },
  "eval_time": 35.36845898628235,
  "cfg": {
    "tracking_names": [
      "bicycle",
      "bus",
      "car",
      "motorcycle",
      "pedestrian",
      "trailer",
      "truck"
    ],
    "pretty_tracking_names": {
      "bicycle": "Bicycle",
      "bus": "Bus",
      "car": "Car",
      "motorcycle": "Motorcycle",
      "pedestrian": "Pedestrian",
      "trailer": "Trailer",
      "truck": "Truck"
    },
    "tracking_colors": {
      "bicycle": "C9",
      "bus": "C2",
      "car": "C0",
      "motorcycle": "C6",
      "pedestrian": "C5",
      "trailer": "C3",
      "truck": "C1"
    },
    "class_range": {
      "car": 50,
      "truck": 50,
      "bus": 50,
      "trailer": 50,
      "pedestrian": 40,
      "motorcycle": 40,
      "bicycle": 40
    },
    "dist_fcn": "center_distance",
    "dist_th_tp": 2.0,
    "min_recall": 0.1,
    "max_boxes_per_sample": 600,
    "metric_worst": {
      "amota": 0.0,
      "amotp": 2.0,
      "recall": 0.0,
      "motar": 0.0,
      "mota": 0.0,
      "motp": 2.0,
      "mt": 0.0,
      "ml": -1.0,
      "faf": 500,
      "gt": -1,
      "tp": 0.0,
      "fp": -1.0,
      "fn": -1.0,
      "ids": -1.0,
      "frag": -1.0,
      "tid": 20,
      "lgd": 20
    },
    "num_thresholds": 40
  },
  "amota": 0.3122122233119645,
  "amotp": 1.3839002970087873,
  "recall": 0.4519625478841034,
  "motar": 0.6369312735461493,
  "gt": 685.5714285714286,
  "mota": 0.32566768017534137,
  "motp": 0.7964423782166549,
  "mt": 83.0,
  "ml": 74.0,
  "faf": 130.00999892189114,
  "tp": 2657.0,
  "fp": 530.0,
  "fn": 1941.0,
  "ids": 201.0,
  "frag": 120.0,
  "tid": 4.285217765267027,
  "lgd": 5.0257467354758,
  "meta": {
    "use_camera": true,
    "use_lidar": false,
    "use_radar": true,
    "use_map": false,
    "use_external": false
  }
}