{
  "label_metrics": {
    "amota": {
      "bicycle": 0.25087606837606835,
      "bus": 0.7789125457875458,
      "car": 0.6471468733291001,
      "motorcycle": 0.45278315518679085,
      "pedestrian": 0.4029472492352058,
      "trailer": 0.5513354997225965,
      "truck": 0.36598172214622277
    },
    "amotp": {
      "bicycle": 0.9866001944096723,
      "bus": 0.8819198366652021,
      "car": 0.8423106529396284,
      "motorcycle": 1.3227012455823643,
      "pedestrian": 1.3409517224549918,
      "trailer": 1.7906832434635453,
      "truck": 1.3056172066836493
    },
    "recall": {
      "bicycle": 0.4482758620689655,
      "bus": 0.8372093023255814,
      "car": 0.7152803224624404,
      "motorcycle": 0.5042016806722689,
      "pedestrian": 0.5986394557823129,
      "trailer": 0.8292682926829268,
      "truck": 0.480225988700565
    },
    "motar": {
      "bicycle": 0.7692307692307692,
      "bus": 0.9305555555555555,
      "car": 0.8635892116182573,
      "motorcycle": 0.9137931034482758,
      "pedestrian": 0.7120622568093387,
      "trailer": 0.6969696969696969,
      "truck": 0.9166666666666665
    },
    "gt": {
      "bicycle": 58.0,
      "bus": 86.0,
      "car": 2729.0,
      "motorcycle": 238.0,
      "pedestrian": 1470.0,
      "trailer": 41.0,
      "truck": 177.0
    },
    "mota": {
      "bicycle": 0.3448275862068966,
      "bus": 0.7790697674418605,
      "car": 0.6101135947233418,
      "motorcycle": 0.4453781512605042,
      "pedestrian": 0.3734693877551021,
      "trailer": 0.5609756097560976,
      "truck": 0.4350282485875706
    },
    "motp": {
      "bicycle": 0.5716363604379274,
      "bus": 0.6531319764194593,
      "car": 0.38406886765362597,
      "motorcycle": 0.6613990468204207,
      "pedestrian": 0.6376995085242839,
      "trailer": 1.7369572972493004,
      "truck": 0.3915209603888239
    },
    "mt": {
      "bicycle": 2.0,
      "bus": 3.0,
      "car": 74.0,
      "motorcycle": 2.0,
      "pedestrian": 18.0,
      "trailer": 1.0,
      "truck": 2.0
    },
    "ml": {
      "bicycle": 5.0,
      "bus": 0.0,
      "car": 34.0,
      "motorcycle": 4.0,
      "pedestrian": 25.0,
      "trailer": 0.0,
      "truck": 4.0
    },
    "faf": {
      "bicycle": 15.789473684210526,
      "bus": 7.8125,
      "car": 162.3456790123457,
      "motorcycle": 15.873015873015872,
      "pedestrian": 170.76923076923077,
      "trailer": 24.390243902439025,
      "truck": 5.932203389830509
    },
    "tp": {
      "bicycle": 26.0,
      "bus": 72.0,
      "car": 1928.0,
      "motorcycle": 116.0,
      "pedestrian": 771.0,
      "trailer": 33.0,
      "truck": 84.0
    },
    "fp": {
      "bicycle": 6.0,
      "bus": 5.0,
      "car": 263.0,
      "motorcycle": 10.0,
      "pedestrian": 222.0,
      "trailer": 10.0,
      "truck": 7.0
    },
    "fn": {
      "bicycle": 32.0,
      "bus": 14.0,
      "car": 777.0,
      "motorcycle": 118.0,
      "pedestrian": 590.0,
      "trailer": 7.0,
      "truck": 92.0
    },
    "ids": {
      "bicycle": 0.0,
      "bus": 0.0,
      "car": 24.0,
      "motorcycle": 4.0,
      "pedestrian": 109.0,
      "trailer": 1.0,
      "truck": 1.0
    },
    "frag": {
      "bicycle": 2.0,
      "bus": 2.0,
      "car": 23.0,
      "motorcycle": 2.0,
      "pedestrian": 37.0,
      "trailer": 2.0,
      "truck": 1.0
    },
    "tid": {
      "bicycle": 1.1666666666666667,
      "bus": 1.0,
      "car": 1.3677685950413223,
      "motorcycle": 3.7222222222222223,
      "pedestrian": 1.8333333333333333,
      "trailer": 0.0,
      "truck": 2.0
    },
    "lgd": {
      "bicycle": 1.3333333333333333,
      "bus": 1.0,
      "car": 1.6818181818181819,
      "motorcycle": 4.555555555555555,
      "pedestrian": 2.4,
      "trailer": 3.0,
      "truck": 2.75
    }
  },
  "eval_time": 35.31137228012085,
  "cfg": {
    "tracking_names": [
      "bicycle",
      "bus",
      "car",
      "motorcycle",
      "pedestrian",
      "trailer",
      "truck"
    ],
    "pretty_tracking_names": {
      "bicycle": "Bicycle",
      "bus": "Bus",
      "car": "Car",
      "motorcycle": "Motorcycle",
      "pedestrian": "Pedestrian",
      "trailer": "Trailer",
      "truck": "Truck"
    },
    "tracking_colors": {
      "bicycle": "C9",
      "bus": "C2",
      "car": "C0",
      "motorcycle": "C6",
      "pedestrian": "C5",
      "trailer": "C3",
      "truck": "C1"
    },
    "class_range": {
      "car": 50,
      "truck": 50,
      "bus": 50,
      "trailer": 50,
      "pedestrian": 40,
      "motorcycle": 40,
      "bicycle": 40
    },
    "dist_fcn": "center_distance",
    "dist_th_tp": 2.0,
    "min_recall": 0.1,
    "max_boxes_per_sample": 600,
    "metric_worst": {
      "amota": 0.0,
      "amotp": 2.0,
      "recall": 0.0,
      "motar": 0.0,
      "mota": 0.0,
      "motp": 2.0,
      "mt": 0.0,
      "ml": -1.0,
      "faf": 500,
      "gt": -1,
      "tp": 0.0,
      "fp": -1.0,
      "fn": -1.0,
      "ids": -1.0,
      "frag": -1.0,
      "tid": 20,
      "lgd": 20
    },
    "num_thresholds": 40
  },
  "amota": 0.4928547305405044,
  "amotp": 1.210112014599865,
  "recall": 0.6304429863850086,
  "motar": 0.8289810371855086,
  "gt": 685.5714285714286,
  "mota": 0.5069803351044818,
  "motp": 0.7194877167848345,
  "mt": 102.0,
  "ml": 72.0,
  "faf": 57.55890666158177,
  "tp": 3030.0,
  "fp": 523.0,
  "fn": 1630.0,
  "ids": 139.0,
  "frag": 69.0,
  "tid": 1.5842844024662208,
  "lgd": 2.388672438672439,
  "meta": {
    "use_camera": true,
    "use_lidar": false,
    "use_radar": true,
    "use_map": false,
    "use_external": false
  }
}