{
  "label_metrics": {
    "amota": {
      "bicycle": 0.2870281765018607,
      "bus": 0.5823731501057082,
      "car": 0.6118831408624079,
      "motorcycle": 0.3680089728439172,
      "pedestrian": 0.3985074588424192,
      "trailer": 0.44333333333333336,
      "truck": 0.37536398467432947
    },
    "amotp": {
      "bicycle": 1.339895595228874,
      "bus": 1.1660288440868056,
      "car": 0.9183029716730932,
      "motorcycle": 1.4623484227331756,
      "pedestrian": 1.277811876611041,
      "trailer": 1.8182365719124658,
      "truck": 1.2922681443243498
    },
    "recall": {
      "bicycle": 0.3793103448275862,
      "bus": 0.6511627906976745,
      "car": 0.6958592891168927,
      "motorcycle": 0.4411764705882353,
      "pedestrian": 0.645578231292517,
      "trailer": 0.7317073170731707,
      "truck": 0.5141242937853108
    },
    "motar": {
      "bicycle": 0.7727272727272727,
      "bus": 0.9090909090909091,
      "car": 0.8677819751753912,
      "motorcycle": 0.9803921568627451,
      "pedestrian": 0.5687203791469194,
      "trailer": 0.6333333333333333,
      "truck": 0.8444444444444444
    },
    "gt": {
      "bicycle": 58.0,
      "bus": 86.0,
      "car": 2729.0,
      "motorcycle": 238.0,
      "pedestrian": 1470.0,
      "trailer": 41.0,
      "truck": 177.0
    },
    "mota": {
      "bicycle": 0.2931034482758621,
      "bus": 0.5813953488372092,
      "car": 0.5892268230120923,
      "motorcycle": 0.4201680672268907,
      "pedestrian": 0.326530612244898,
      "trailer": 0.46341463414634143,
      "truck": 0.42937853107344637
    },
    "motp": {
      "bicycle": 0.6972599104991613,
      "bus": 0.6302369621219741,
      "car": 0.4023065067035045,
      "motorcycle": 0.5910994105974645,
      "pedestrian": 0.6982110853967389,
      "trailer": 1.7403379598749509,
      "truck": 0.4249233490609226
    },
    "mt": {
      "bicycle": 1.0,
      "bus": 2.0,
      "car": 70.0,
      "motorcycle": 1.0,
      "pedestrian": 26.0,
      "trailer": 0.0,
      "truck": 3.0
    },
    "ml": {
      "bicycle": 5.0,
      "bus": 0.0,
      "car": 28.0,
      "motorcycle": 3.0,
      "pedestrian": 27.0,
      "trailer": 0.0,
      "truck": 4.0
    },
    "faf": {
      "bicycle": 13.157894736842104,
      "bus": 7.8125,
      "car": 151.23456790123458,
      "motorcycle": 3.1746031746031744,
      "pedestrian": 280.0,
      "trailer": 26.82926829268293,
      "truck": 11.666666666666666
    },
    "tp": {
      "bicycle": 22.0,
      "bus": 55.0,
      "car": 1853.0,
      "motorcycle": 102.0,
      "pedestrian": 844.0,
      "trailer": 30.0,
      "truck": 90.0
    },
    "fp": {
      "bicycle": 5.0,
      "bus": 5.0,
      "car": 245.0,
      "motorcycle": 2.0,
      "pedestrian": 364.0,
      "trailer": 11.0,
      "truck": 14.0
    },
    "fn": {
      "bicycle": 36.0,
      "bus": 30.0,
      "car": 830.0,
      "motorcycle": 133.0,
      "pedestrian": 521.0,
      "trailer": 11.0,
      "truck": 86.0
    },
    "ids": {
      "bicycle": 0.0,
      "bus": 1.0,
      "car": 46.0,
      "motorcycle": 3.0,
      "pedestrian": 105.0,
      "trailer": 0.0,
      "truck": 1.0
    },
    "frag": {
      "bicycle": 3.0,
      "bus": 2.0,
      "car": 47.0,
      "motorcycle": 2.0,
      "pedestrian": 31.0,
      "trailer": 2.0,
      "truck": 1.0
    },
    "tid": {
      "bicycle": 1.0,
      "bus": 1.6,
      "car": 1.4534883720930232,
      "motorcycle": 4.5625,
      "pedestrian": 1.5163934426229508,
      "trailer": 2.0,
      "truck": 1.6666666666666667
    },
    "lgd": {
      "bicycle": 1.5,
      "bus": 2.0,
      "car": 1.949612403100775,
      "motorcycle": 4.5625,
      "pedestrian": 2.1475409836065573,
      "trailer": 3.0,
      "truck": 2.25
    }
  },
  "eval_time": 34.53413653373718,
  "cfg": {
    "tracking_names": [
      "bicycle",
      "bus",
      "car",
      "motorcycle",
      "pedestrian",
      "trailer",
      "truck"
    ],
    "pretty_tracking_names": {
      "bicycle": "Bicycle",
      "bus": "Bus",
      "car": "Car",
      "motorcycle": "Motorcycle",
      "pedestrian": "Pedestrian",
      "trailer": "Trailer",
      "truck": "Truck"
    },
    "tracking_colors": {
      "bicycle": "C9",
      "bus": "C2",
      "car": "C0",
      "motorcycle": "C6",
      "pedestrian": "C5",
      "trailer": "C3",
      "truck": "C1"
    },
    "class_range": {
      "car": 50,
      "truck": 50,
      "bus": 50,
      "trailer": 50,
      "pedestrian": 40,
      "motorcycle": 40,
      "bicycle": 40
    },
    "dist_fcn": "center_distance",
    "dist_th_tp": 2.0,
    "min_recall": 0.1,
    "max_boxes_per_sample": 600,
    "metric_worst": {
      "amota": 0.0,
      "amotp": 2.0,
      "recall": 0.0,
      "motar": 0.0,
      "mota": 0.0,
      "motp": 2.0,
      "mt": 0.0,
      "ml": -1.0,
      "faf": 500,
      "gt": -1,
      "tp": 0.0,
      "fp": -1.0,
      "fn": -1.0,
      "ids": -1.0,
      "frag": -1.0,
      "tid": 20,
      "lgd": 20
    },
    "num_thresholds": 40
  },
  "amota": 0.438071173880568,
  "amotp": 1.3249846323671153,
  "recall": 0.5798455339116266,
  "motar": 0.7966414958258593,
  "gt": 685.5714285714286,
  "mota": 0.4433167806881057,
  "motp": 0.7406250263221024,
  "mt": 103.0,
  "ml": 67.0,
  "faf": 70.55364296743278,
  "tp": 2996.0,
  "fp": 646.0,
  "fn": 1647.0,
  "ids": 156.0,
  "frag": 88.0,
  "tid": 1.97129264019752,
  "lgd": 2.4870933409581903,
  "meta": {
    "use_camera": true,
    "use_lidar": false,
    "use_radar": true,
    "use_map": false,
    "use_external": false
  }
}