{
  "label_metrics": {
    "amota": {
      "bicycle": 0.0,
      "bus": 0.5334893957583032,
      "car": 0.5431262037267125,
      "motorcycle": 0.3611943779467581,
      "pedestrian": 0.2679389128319551,
      "trailer": 0.0,
      "truck": 0.0
    },
    "amotp": {
      "bicycle": 2.0,
      "bus": 1.310675540777043,
      "car": 1.0480618518507367,
      "motorcycle": 1.4419812457844325,
      "pedestrian": 1.271898468271989,
      "trailer": 2.0,
      "truck": 2.0
    },
    "recall": {
      "bicycle": 0.0,
      "bus": 0.5930232558139535,
      "car": 0.6463906192744595,
      "motorcycle": 0.453781512605042,
      "pedestrian": 0.4523809523809524,
      "trailer": 0.0,
      "truck": 0.0
    },
    "motar": {
      "bicycle": 0.0,
      "bus": 0.980392156862745,
      "car": 0.9227082085080888,
      "motorcycle": 0.9405940594059405,
      "pedestrian": 0.6800699300699299,
      "trailer": 0.0,
      "truck": 0.0
    },
    "gt": {
      "bicycle": 58.0,
      "bus": 86.0,
      "car": 2729.0,
      "motorcycle": 238.0,
      "pedestrian": 1470.0,
      "trailer": 41.0,
      "truck": 177.0
    },
    "mota": {
      "bicycle": 0.0,
      "bus": 0.5813953488372092,
      "car": 0.5643092707951631,
      "motorcycle": 0.39915966386554624,
      "pedestrian": 0.2646258503401361,
      "trailer": 0.0,
      "truck": 0.0
    },
    "motp": {
      "bicycle": 2.0,
      "bus": 0.6825197086130472,
      "car": 0.4078389080842553,
      "motorcycle": 0.555679319576281,
      "pedestrian": 0.7590247786663588,
      "trailer": 2.0,
      "truck": 2.0
    },
    "mt": {
      "bicycle": 0.0,
      "bus": 2.0,
      "car": 56.0,
      "motorcycle": 1.0,
      "pedestrian": 16.0,
      "trailer": 0.0,
      "truck": 0.0
    },
    "ml": {
      "bicycle": 8.0,
      "bus": 0.0,
      "car": 32.0,
      "motorcycle": 4.0,
      "pedestrian": 37.0,
      "trailer": 1.0,
      "truck": 9.0
    },
    "faf": {
      "bicycle": 500.0,
      "bus": 1.5625,
      "car": 79.62962962962963,
      "motorcycle": 9.523809523809524,
      "pedestrian": 139.6946564885496,
      "trailer": 500.0,
      "truck": 500.0
    },
    "tp": {
      "bicycle": 0.0,
      "bus": 51.0,
      "car": 1669.0,
      "motorcycle": 101.0,
      "pedestrian": 572.0,
      "trailer": 0.0,
      "truck": 0.0
    },
    "fp": {
      "bicycle": NaN,
      "bus": 1.0,
      "car": 129.0,
      "motorcycle": 6.0,
      "pedestrian": 183.0,
      "trailer": NaN,
      "truck": NaN
    },
    "fn": {
      "bicycle": 58.0,
      "bus": 35.0,
      "car": 965.0,
      "motorcycle": 130.0,
      "pedestrian": 805.0,
      "trailer": 41.0,
      "truck": 177.0
    },
    "ids": {
      "bicycle": NaN,
      "bus": 0.0,
      "car": 95.0,
      "motorcycle": 7.0,
      "pedestrian": 93.0,
      "trailer": NaN,
      "truck": NaN
    },
    "frag": {
      "bicycle": NaN,
      "bus": 1.0,
      "car": 68.0,
      "motorcycle": 7.0,
      "pedestrian": 39.0,
      "trailer": NaN,
      "truck": NaN
    },
    "tid": {
      "bicycle": 20.0,
      "bus": 1.6,
      "car": 1.5158730158730158,
      "motorcycle": 3.2777777777777777,
      "pedestrian": 1.6864406779661016,
      "trailer": 20.0,
      "truck": 20.0
    },
    "lgd": {
      "bicycle": 20.0,
      "bus": 2.5,
      "car": 2.0793650793650795,
      "motorcycle": 3.4444444444444446,
      "pedestrian": 3.5338983050847457,
      "trailer": 20.0,
      "truck": 20.0
    }
  },
  "eval_time": 33.21245336532593,
  "cfg": {
    "tracking_names": [
      "bicycle",
      "bus",
      "car",
      "motorcycle",
      "pedestrian",
      "trailer",
      "truck"
    ],
    "pretty_tracking_names": {
      "bicycle": "Bicycle",
      "bus": "Bus",
      "car": "Car",
      "motorcycle": "Motorcycle",
      "pedestrian": "Pedestrian",
      "trailer": "Trailer",
      "truck": "Truck"
    },
    "tracking_colors": {
      "bicycle": "C9",
      "bus": "C2",
      "car": "C0",
      "motorcycle": "C6",
      "pedestrian": "C5",
      "trailer": "C3",
      "truck": "C1"
    },
    "class_range": {
      "car": 50,
      "truck": 50,
      "bus": 50,
      "trailer": 50,
      "pedestrian": 40,
      "motorcycle": 40,
      "bicycle": 40
    },
    "dist_fcn": "center_distance",
    "dist_th_tp": 2.0,
    "min_recall": 0.1,
    "max_boxes_per_sample": 600,
    "metric_worst": {
      "amota": 0.0,
      "amotp": 2.0,
      "recall": 0.0,
      "motar": 0.0,
      "mota": 0.0,
      "motp": 2.0,
      "mt": 0.0,
      "ml": -1.0,
      "faf": 500,
      "gt": -1,
      "tp": 0.0,
      "fp": -1.0,
      "fn": -1.0,
      "ids": -1.0,
      "frag": -1.0,
      "tid": 20,
      "lgd": 20
    },
    "num_thresholds": 40
  },
  "amota": 0.24367841289481842,
  "amotp": 1.5818024438120286,
  "recall": 0.30651090572491535,
  "motar": 0.5033949078352434,
  "gt": 685.5714285714286,
  "mota": 0.25849859054829355,
  "motp": 1.2007232449914205,
  "mt": 75.0,
  "ml": 91.0,
  "faf": 247.20151366314127,
  "tp": 2393.0,
  "fp": 319.0,
  "fn": 2211.0,
  "ids": 195.0,
  "frag": 115.0,
  "tid": 9.725727353088129,
  "lgd": 10.22252968984204,
  "meta": {
    "use_camera": true,
    "use_lidar": false,
    "use_radar": true,
    "use_map": false,
    "use_external": false
  }
}