{
  "label_metrics": {
    "amota": {
      "bicycle": 0.0125,
      "bus": 0.45974927849927844,
      "car": 0.47704900178374815,
      "motorcycle": 0.2884378201830827,
      "pedestrian": 0.16609827956225992,
      "trailer": 0.0,
      "truck": 0.08230657962109578
    },
    "amotp": {
      "bicycle": 1.8875848770118206,
      "bus": 1.403531639911602,
      "car": 1.1762842232940223,
      "motorcycle": 1.559984993161361,
      "pedestrian": 1.4485635341874539,
      "trailer": 2.0,
      "truck": 1.4127510883379721
    },
    "recall": {
      "bicycle": 0.1896551724137931,
      "bus": 0.5813953488372093,
      "car": 0.6427262733602052,
      "motorcycle": 0.4495798319327731,
      "pedestrian": 0.4095238095238095,
      "trailer": 0.0,
      "truck": 0.4406779661016949
    },
    "motar": {
      "bicycle": 0.5,
      "bus": 0.9772727272727273,
      "car": 0.9197572488199596,
      "motorcycle": 0.9655172413793104,
      "pedestrian": 0.8533007334963325,
      "trailer": 0.0,
      "truck": 0.4027777777777778
    },
    "gt": {
      "bicycle": 58.0,
      "bus": 86.0,
      "car": 2729.0,
      "motorcycle": 238.0,
      "pedestrian": 1470.0,
      "trailer": 41.0,
      "truck": 177.0
    },
    "mota": {
      "bicycle": 0.051724137931034475,
      "bus": 0.5,
      "car": 0.4998167827042873,
      "motorcycle": 0.3529411764705882,
      "pedestrian": 0.23741496598639455,
      "trailer": 0.0,
      "truck": 0.16384180790960456
    },
    "motp": {
      "bicycle": 0.3523793471588318,
      "bus": 0.6803037513497264,
      "car": 0.40292570810507655,
      "motorcycle": 0.5406814661154495,
      "pedestrian": 0.6909620483280802,
      "trailer": 2.0,
      "truck": 0.44244178884846264
    },
    "mt": {
      "bicycle": 0.0,
      "bus": 2.0,
      "car": 54.0,
      "motorcycle": 1.0,
      "pedestrian": 11.0,
      "trailer": 0.0,
      "truck": 0.0
    },
    "ml": {
      "bicycle": 5.0,
      "bus": 0.0,
      "car": 32.0,
      "motorcycle": 3.0,
      "pedestrian": 37.0,
      "trailer": 1.0,
      "truck": 4.0
    },
    "faf": {
      "bicycle": 7.5,
      "bus": 1.5625,
      "car": 73.4567901234568,
      "motorcycle": 4.761904761904762,
      "pedestrian": 46.15384615384615,
      "trailer": 500.0,
      "truck": 36.134453781512605
    },
    "tp": {
      "bicycle": 6.0,
      "bus": 44.0,
      "car": 1483.0,
      "motorcycle": 87.0,
      "pedestrian": 409.0,
      "trailer": 0.0,
      "truck": 72.0
    },
    "fp": {
      "bicycle": 3.0,
      "bus": 1.0,
      "car": 119.0,
      "motorcycle": 3.0,
      "pedestrian": 60.0,
      "trailer": NaN,
      "truck": 43.0
    },
    "fn": {
      "bicycle": 47.0,
      "bus": 36.0,
      "car": 975.0,
      "motorcycle": 131.0,
      "pedestrian": 868.0,
      "trailer": 41.0,
      "truck": 99.0
    },
    "ids": {
      "bicycle": 5.0,
      "bus": 6.0,
      "car": 271.0,
      "motorcycle": 20.0,
      "pedestrian": 193.0,
      "trailer": NaN,
      "truck": 6.0
    },
    "frag": {
      "bicycle": 0.0,
      "bus": 1.0,
      "car": 67.0,
      "motorcycle": 5.0,
      "pedestrian": 74.0,
      "trailer": NaN,
      "truck": 1.0
    },
    "tid": {
      "bicycle": 0.375,
      "bus": 1.6,
      "car": 1.5277777777777777,
      "motorcycle": 3.8333333333333335,
      "pedestrian": 1.9666666666666666,
      "trailer": 20.0,
      "truck": 1.6
    },
    "lgd": {
      "bicycle": 3.5,
      "bus": 2.6,
      "car": 2.1031746031746033,
      "motorcycle": 3.9444444444444446,
      "pedestrian": 3.6,
      "trailer": 20.0,
      "truck": 3.2
    }
  },
  "eval_time": 28.929628610610962,
  "cfg": {
    "tracking_names": [
      "bicycle",
      "bus",
      "car",
      "motorcycle",
      "pedestrian",
      "trailer",
      "truck"
    ],
    "pretty_tracking_names": {
      "bicycle": "Bicycle",
      "bus": "Bus",
      "car": "Car",
      "motorcycle": "Motorcycle",
      "pedestrian": "Pedestrian",
      "trailer": "Trailer",
      "truck": "Truck"
    },
    "tracking_colors": {
      "bicycle": "C9",
      "bus": "C2",
      "car": "C0",
      "motorcycle": "C6",
      "pedestrian": "C5",
      "trailer": "C3",
      "truck": "C1"
    },
    "class_range": {
      "car": 50,
      "truck": 50,
      "bus": 50,
      "trailer": 50,
      "pedestrian": 40,
      "motorcycle": 40,
      "bicycle": 40
    },
    "dist_fcn": "center_distance",
    "dist_th_tp": 2.0,
    "min_recall": 0.1,
    "max_boxes_per_sample": 600,
    "metric_worst": {
      "amota": 0.0,
      "amotp": 2.0,
      "recall": 0.0,
      "motar": 0.0,
      "mota": 0.0,
      "motp": 2.0,
      "mt": 0.0,
      "ml": -1.0,
      "faf": 500,
      "gt": -1,
      "tp": 0.0,
      "fp": -1.0,
      "fn": -1.0,
      "ids": -1.0,
      "frag": -1.0,
      "tid": 20,
      "lgd": 20
    },
    "num_thresholds": 40
  },
  "amota": 0.21230585137849498,
  "amotp": 1.5555286222720333,
  "recall": 0.38765120030992645,
  "motar": 0.6598036755351583,
  "gt": 685.5714285714286,
  "mota": 0.25796269585741566,
  "motp": 0.7299563014150896,
  "mt": 68.0,
  "ml": 82.0,
  "faf": 95.65278497438862,
  "tp": 2101.0,
  "fp": 229.0,
  "fn": 2197.0,
  "ids": 501.0,
  "frag": 148.0,
  "tid": 4.4146825396825395,
  "lgd": 5.5639455782312925,
  "meta": {
    "use_camera": true,
    "use_lidar": false,
    "use_radar": true,
    "use_map": false,
    "use_external": false
  }
}