{
  "label_metrics": {
    "amota": {
      "bicycle": 0.28770508186923494,
      "bus": 0.6619487095235728,
      "car": 0.6361050437328171,
      "motorcycle": 0.44157170755275654,
      "pedestrian": 0.23850050220413072,
      "trailer": 0.04959051784135077,
      "truck": 0.2859032371780096
    },
    "amotp": {
      "bicycle": 1.336022234849036,
      "bus": 0.9955397924660581,
      "car": 0.7926039861376013,
      "motorcycle": 1.1682600050691647,
      "pedestrian": 1.6034482059288968,
      "trailer": 1.417157870258038,
      "truck": 1.3624401144568796
    },
    "recall": {
      "bicycle": 0.5127947817360763,
      "bus": 0.7064393939393939,
      "car": 0.7077524564020783,
      "motorcycle": 0.5533636823469904,
      "pedestrian": 0.3742673956653424,
      "trailer": 0.18969072164948453,
      "truck": 0.4843523316062176
    },
    "motar": {
      "bicycle": 0.5191532258064516,
      "bus": 0.8314227916385705,
      "car": 0.8307515917351742,
      "motorcycle": 0.7023474178403757,
      "pedestrian": 0.8023187726900105,
      "trailer": 0.41629955947136565,
      "truck": 0.7084342655802689
    },
    "gt": {
      "bicycle": 1993.0,
      "bus": 2112.0,
      "car": 58317.0,
      "motorcycle": 1977.0,
      "pedestrian": 25423.0,
      "trailer": 2425.0,
      "truck": 9650.0
    },
    "mota": {
      "bicycle": 0.2584044154540893,
      "bus": 0.5838068181818181,
      "car": 0.5839635097827391,
      "motorcycle": 0.37835103692463323,
      "pedestrian": 0.26948039177123073,
      "trailer": 0.07793814432989687,
      "truck": 0.33336787564766834
    },
    "motp": {
      "bicycle": 0.5064879147302547,
      "bus": 0.6311304251095682,
      "car": 0.37692357434066665,
      "motorcycle": 0.49754901127512424,
      "pedestrian": 0.5981296632493841,
      "trailer": 0.9485497759837832,
      "truck": 0.5104852229852617
    },
    "mt": {
      "bicycle": 38.0,
      "bus": 60.0,
      "car": 1925.0,
      "motorcycle": 42.0,
      "pedestrian": 188.0,
      "trailer": 17.0,
      "truck": 155.0
    },
    "ml": {
      "bicycle": 54.0,
      "bus": 29.0,
      "car": 1074.0,
      "motorcycle": 46.0,
      "pedestrian": 884.0,
      "trailer": 112.0,
      "truck": 212.0
    },
    "faf": {
      "bicycle": 31.8,
      "bus": 15.309246785058175,
      "car": 120.11772853185596,
      "motorcycle": 23.568773234200744,
      "pedestrian": 39.466916062660744,
      "trailer": 26.821862348178136,
      "truck": 35.2690463505594
    },
    "tp": {
      "bicycle": 992.0,
      "bus": 1483.0,
      "car": 40993.0,
      "motorcycle": 1065.0,
      "pedestrian": 8539.0,
      "trailer": 454.0,
      "truck": 4541.0
    },
    "fp": {
      "bicycle": 477.0,
      "bus": 250.0,
      "car": 6938.0,
      "motorcycle": 317.0,
      "pedestrian": 1688.0,
      "trailer": 265.0,
      "truck": 1324.0
    },
    "fn": {
      "bicycle": 971.0,
      "bus": 620.0,
      "car": 17043.0,
      "motorcycle": 883.0,
      "pedestrian": 15908.0,
      "trailer": 1965.0,
      "truck": 4976.0
    },
    "ids": {
      "bicycle": 30.0,
      "bus": 9.0,
      "car": 281.0,
      "motorcycle": 29.0,
      "pedestrian": 976.0,
      "trailer": 6.0,
      "truck": 133.0
    },
    "frag": {
      "bicycle": 8.0,
      "bus": 17.0,
      "car": 287.0,
      "motorcycle": 18.0,
      "pedestrian": 444.0,
      "trailer": 6.0,
      "truck": 108.0
    },
    "tid": {
      "bicycle": 1.8714285714285714,
      "bus": 0.8536585365853658,
      "car": 0.8171502976190477,
      "motorcycle": 2.175,
      "pedestrian": 2.2864025695931476,
      "trailer": 2.08,
      "truck": 1.7823691460055096
    },
    "lgd": {
      "bicycle": 2.1809523809523808,
      "bus": 1.3780487804878048,
      "car": 1.2263764880952381,
      "motorcycle": 2.65,
      "pedestrian": 3.2853319057815846,
      "trailer": 2.92,
      "truck": 2.7355371900826446
    }
  },
  "eval_time": 1832.2028563022614,
  "cfg": {
    "tracking_names": [
      "bicycle",
      "bus",
      "car",
      "motorcycle",
      "pedestrian",
      "trailer",
      "truck"
    ],
    "pretty_tracking_names": {
      "bicycle": "Bicycle",
      "bus": "Bus",
      "car": "Car",
      "motorcycle": "Motorcycle",
      "pedestrian": "Pedestrian",
      "trailer": "Trailer",
      "truck": "Truck"
    },
    "tracking_colors": {
      "bicycle": "C9",
      "bus": "C2",
      "car": "C0",
      "motorcycle": "C6",
      "pedestrian": "C5",
      "trailer": "C3",
      "truck": "C1"
    },
    "class_range": {
      "car": 50,
      "truck": 50,
      "bus": 50,
      "trailer": 50,
      "pedestrian": 40,
      "motorcycle": 40,
      "bicycle": 40
    },
    "dist_fcn": "center_distance",
    "dist_th_tp": 2.0,
    "min_recall": 0.1,
    "max_boxes_per_sample": 600,
    "metric_worst": {
      "amota": 0.0,
      "amotp": 2.0,
      "recall": 0.0,
      "motar": 0.0,
      "mota": 0.0,
      "motp": 2.0,
      "mt": 0.0,
      "ml": -1.0,
      "faf": 500,
      "gt": -1,
      "tp": 0.0,
      "fp": -1.0,
      "fn": -1.0,
      "ids": -1.0,
      "frag": -1.0,
      "tid": 20,
      "lgd": 20
    },
    "num_thresholds": 40
  },
  "amota": 0.3716178285574104,
  "amotp": 1.2393531727379534,
  "recall": 0.5040943947636548,
  "motar": 0.6872468035374596,
  "gt": 14556.714285714286,
  "mota": 0.35504459887029655,
  "motp": 0.5813222268105775,
  "mt": 2425.0,
  "ml": 2411.0,
  "faf": 41.76479618750188,
  "tp": 58067.0,
  "fp": 11259.0,
  "fn": 42366.0,
  "ids": 1464.0,
  "frag": 888.0,
  "tid": 1.6951441601759487,
  "lgd": 2.3394638207713787,
  "meta": {
    "use_camera": true,
    "use_lidar": false,
    "use_radar": true,
    "use_map": false,
    "use_external": false
  }
}