{
  "label_metrics": {
    "amota": {
      "bicycle": 0.05208333333333333,
      "bus": 0.31220238095238084,
      "car": 0.47567936449569304,
      "motorcycle": 0.36855829495705417,
      "pedestrian": 0.30121105542964755,
      "trailer": 0.44333333333333336,
      "truck": 0.1793975468975469
    },
    "amotp": {
      "bicycle": 1.6166901633358552,
      "bus": 1.4607263504723131,
      "car": 1.051937568460097,
      "motorcycle": 1.4627177684549664,
      "pedestrian": 1.436411691331761,
      "trailer": 1.8143426013342605,
      "truck": 1.4023565263855702
    },
    "recall": {
      "bicycle": 0.3448275862068966,
      "bus": 0.5,
      "car": 0.6405276658116527,
      "motorcycle": 0.4411764705882353,
      "pedestrian": 0.45102040816326533,
      "trailer": 0.7317073170731707,
      "truck": 0.4689265536723164
    },
    "motar": {
      "bicycle": 0.25,
      "bus": 0.6904761904761905,
      "car": 0.7782608695652176,
      "motorcycle": 0.9803921568627451,
      "pedestrian": 0.7566037735849058,
      "trailer": 0.6333333333333333,
      "truck": 0.6233766233766234
    },
    "gt": {
      "bicycle": 58.0,
      "bus": 86.0,
      "car": 2729.0,
      "motorcycle": 238.0,
      "pedestrian": 1470.0,
      "trailer": 41.0,
      "truck": 177.0
    },
    "mota": {
      "bicycle": 0.08620689655172409,
      "bus": 0.33720930232558144,
      "car": 0.4591425430560645,
      "motorcycle": 0.4201680672268907,
      "pedestrian": 0.2727891156462585,
      "trailer": 0.46341463414634143,
      "truck": 0.27118644067796616
    },
    "motp": {
      "bicycle": 0.5927952519001808,
      "bus": 0.8827318517321072,
      "car": 0.3892502658590149,
      "motorcycle": 0.606024253482281,
      "pedestrian": 0.8302947117363826,
      "trailer": 1.7347751447632291,
      "truck": 0.41901978849617966
    },
    "mt": {
      "bicycle": 1.0,
      "bus": 2.0,
      "car": 58.0,
      "motorcycle": 1.0,
      "pedestrian": 6.0,
      "trailer": 0.0,
      "truck": 2.0
    },
    "ml": {
      "bicycle": 5.0,
      "bus": 1.0,
      "car": 34.0,
      "motorcycle": 3.0,
      "pedestrian": 33.0,
      "trailer": 0.0,
      "truck": 5.0
    },
    "faf": {
      "bicycle": 35.714285714285715,
      "bus": 20.3125,
      "car": 220.37037037037038,
      "motorcycle": 3.1746031746031744,
      "pedestrian": 99.23076923076923,
      "trailer": 26.82926829268293,
      "truck": 24.166666666666668
    },
    "tp": {
      "bicycle": 20.0,
      "bus": 42.0,
      "car": 1610.0,
      "motorcycle": 102.0,
      "pedestrian": 530.0,
      "trailer": 30.0,
      "truck": 77.0
    },
    "fp": {
      "bicycle": 15.0,
      "bus": 13.0,
      "car": 357.0,
      "motorcycle": 2.0,
      "pedestrian": 129.0,
      "trailer": 11.0,
      "truck": 29.0
    },
    "fn": {
      "bicycle": 38.0,
      "bus": 43.0,
      "car": 981.0,
      "motorcycle": 133.0,
      "pedestrian": 807.0,
      "trailer": 11.0,
      "truck": 94.0
    },
    "ids": {
      "bicycle": 0.0,
      "bus": 1.0,
      "car": 138.0,
      "motorcycle": 3.0,
      "pedestrian": 133.0,
      "trailer": 0.0,
      "truck": 6.0
    },
    "frag": {
      "bicycle": 3.0,
      "bus": 4.0,
      "car": 78.0,
      "motorcycle": 2.0,
      "pedestrian": 33.0,
      "trailer": 2.0,
      "truck": 4.0
    },
    "tid": {
      "bicycle": 0.8333333333333334,
      "bus": 2.0,
      "car": 1.6129032258064515,
      "motorcycle": 4.5625,
      "pedestrian": 3.3660714285714284,
      "trailer": 2.0,
      "truck": 1.6666666666666667
    },
    "lgd": {
      "bicycle": 1.5,
      "bus": 2.5,
      "car": 2.0766129032258065,
      "motorcycle": 4.5625,
      "pedestrian": 3.7767857142857144,
      "trailer": 3.0,
      "truck": 2.5833333333333335
    }
  },
  "eval_time": 30.887123107910156,
  "cfg": {
    "tracking_names": [
      "bicycle",
      "bus",
      "car",
      "motorcycle",
      "pedestrian",
      "trailer",
      "truck"
    ],
    "pretty_tracking_names": {
      "bicycle": "Bicycle",
      "bus": "Bus",
      "car": "Car",
      "motorcycle": "Motorcycle",
      "pedestrian": "Pedestrian",
      "trailer": "Trailer",
      "truck": "Truck"
    },
    "tracking_colors": {
      "bicycle": "C9",
      "bus": "C2",
      "car": "C0",
      "motorcycle": "C6",
      "pedestrian": "C5",
      "trailer": "C3",
      "truck": "C1"
    },
    "class_range": {
      "car": 50,
      "truck": 50,
      "bus": 50,
      "trailer": 50,
      "pedestrian": 40,
      "motorcycle": 40,
      "bicycle": 40
    },
    "dist_fcn": "center_distance",
    "dist_th_tp": 2.0,
    "min_recall": 0.1,
    "max_boxes_per_sample": 600,
    "metric_worst": {
      "amota": 0.0,
      "amotp": 2.0,
      "recall": 0.0,
      "motar": 0.0,
      "mota": 0.0,
      "motp": 2.0,
      "mt": 0.0,
      "ml": -1.0,
      "faf": 500,
      "gt": -1,
      "tp": 0.0,
      "fp": -1.0,
      "fn": -1.0,
      "ids": -1.0,
      "frag": -1.0,
      "tid": 20,
      "lgd": 20
    },
    "num_thresholds": 40
  },
  "amota": 0.3046379013427128,
  "amotp": 1.4635975242535462,
  "recall": 0.5111694287879339,
  "motar": 0.6732061353141451,
  "gt": 685.5714285714286,
  "mota": 0.33001671423297524,
  "motp": 0.7792701811384822,
  "mt": 70.0,
  "ml": 81.0,
  "faf": 61.3997804927683,
  "tp": 2411.0,
  "fp": 556.0,
  "fn": 2107.0,
  "ids": 281.0,
  "frag": 126.0,
  "tid": 2.291639236339697,
  "lgd": 2.8570331358349788,
  "meta": {
    "use_camera": true,
    "use_lidar": false,
    "use_radar": true,
    "use_map": false,
    "use_external": false
  }
}