{
  "label_metrics": {
    "amota": {
      "bicycle": 0.28686950549450546,
      "bus": 0.5469587835134054,
      "car": 0.5424093186320084,
      "motorcycle": 0.372523281157123,
      "pedestrian": 0.26431709144411564,
      "trailer": 0.0,
      "truck": 0.16956489787200996
    },
    "amotp": {
      "bicycle": 1.2954788679699432,
      "bus": 1.1836043842160096,
      "car": 1.03768954922816,
      "motorcycle": 1.4500678257714008,
      "pedestrian": 1.2702206910557565,
      "trailer": 2.0,
      "truck": 1.4106367748619453
    },
    "recall": {
      "bicycle": 0.5,
      "bus": 0.5930232558139535,
      "car": 0.6511542689629901,
      "motorcycle": 0.47058823529411764,
      "pedestrian": 0.5129251700680272,
      "trailer": 0.0,
      "truck": 0.4406779661016949
    },
    "motar": {
      "bicycle": 0.607142857142857,
      "bus": 0.980392156862745,
      "car": 0.9225690276110444,
      "motorcycle": 0.941747572815534,
      "pedestrian": 0.6549618320610688,
      "trailer": 0.0,
      "truck": 0.44594594594594616
    },
    "gt": {
      "bicycle": 58.0,
      "bus": 86.0,
      "car": 2729.0,
      "motorcycle": 238.0,
      "pedestrian": 1470.0,
      "trailer": 41.0,
      "truck": 177.0
    },
    "mota": {
      "bicycle": 0.2931034482758621,
      "bus": 0.5813953488372092,
      "car": 0.5632099670208868,
      "motorcycle": 0.40756302521008403,
      "pedestrian": 0.2918367346938775,
      "trailer": 0.0,
      "truck": 0.18644067796610164
    },
    "motp": {
      "bicycle": 0.7075228479526792,
      "bus": 0.6590547996613979,
      "car": 0.373780710258253,
      "motorcycle": 0.5891201372433664,
      "pedestrian": 0.7867691685041034,
      "trailer": 2.0,
      "truck": 0.4146290528621314
    },
    "mt": {
      "bicycle": 1.0,
      "bus": 2.0,
      "car": 60.0,
      "motorcycle": 1.0,
      "pedestrian": 20.0,
      "trailer": 0.0,
      "truck": 0.0
    },
    "ml": {
      "bicycle": 3.0,
      "bus": 0.0,
      "car": 32.0,
      "motorcycle": 3.0,
      "pedestrian": 33.0,
      "trailer": 1.0,
      "truck": 4.0
    },
    "faf": {
      "bicycle": 25.581395348837212,
      "bus": 1.5625,
      "car": 79.62962962962963,
      "motorcycle": 9.523809523809524,
      "pedestrian": 172.51908396946564,
      "trailer": 500.0,
      "truck": 34.74576271186441
    },
    "tp": {
      "bicycle": 28.0,
      "bus": 51.0,
      "car": 1666.0,
      "motorcycle": 103.0,
      "pedestrian": 655.0,
      "trailer": 0.0,
      "truck": 74.0
    },
    "fp": {
      "bicycle": 11.0,
      "bus": 1.0,
      "car": 129.0,
      "motorcycle": 6.0,
      "pedestrian": 226.0,
      "trailer": NaN,
      "truck": 41.0
    },
    "fn": {
      "bicycle": 29.0,
      "bus": 35.0,
      "car": 952.0,
      "motorcycle": 126.0,
      "pedestrian": 716.0,
      "trailer": 41.0,
      "truck": 99.0
    },
    "ids": {
      "bicycle": 1.0,
      "bus": 0.0,
      "car": 111.0,
      "motorcycle": 9.0,
      "pedestrian": 99.0,
      "trailer": NaN,
      "truck": 4.0
    },
    "frag": {
      "bicycle": 2.0,
      "bus": 1.0,
      "car": 71.0,
      "motorcycle": 7.0,
      "pedestrian": 43.0,
      "trailer": NaN,
      "truck": 1.0
    },
    "tid": {
      "bicycle": 0.9166666666666666,
      "bus": 1.6,
      "car": 1.5,
      "motorcycle": 3.6666666666666665,
      "pedestrian": 1.25,
      "trailer": 20.0,
      "truck": 1.6
    },
    "lgd": {
      "bicycle": 1.3333333333333333,
      "bus": 2.5,
      "car": 2.05859375,
      "motorcycle": 3.7222222222222223,
      "pedestrian": 2.956896551724138,
      "trailer": 20.0,
      "truck": 3.2
    }
  },
  "eval_time": 34.772276639938354,
  "cfg": {
    "tracking_names": [
      "bicycle",
      "bus",
      "car",
      "motorcycle",
      "pedestrian",
      "trailer",
      "truck"
    ],
    "pretty_tracking_names": {
      "bicycle": "Bicycle",
      "bus": "Bus",
      "car": "Car",
      "motorcycle": "Motorcycle",
      "pedestrian": "Pedestrian",
      "trailer": "Trailer",
      "truck": "Truck"
    },
    "tracking_colors": {
      "bicycle": "C9",
      "bus": "C2",
      "car": "C0",
      "motorcycle": "C6",
      "pedestrian": "C5",
      "trailer": "C3",
      "truck": "C1"
    },
    "class_range": {
      "car": 50,
      "truck": 50,
      "bus": 50,
      "trailer": 50,
      "pedestrian": 40,
      "motorcycle": 40,
      "bicycle": 40
    },
    "dist_fcn": "center_distance",
    "dist_th_tp": 2.0,
    "min_recall": 0.1,
    "max_boxes_per_sample": 600,
    "metric_worst": {
      "amota": 0.0,
      "amotp": 2.0,
      "recall": 0.0,
      "motar": 0.0,
      "mota": 0.0,
      "motp": 2.0,
      "mt": 0.0,
      "ml": -1.0,
      "faf": 500,
      "gt": -1,
      "tp": 0.0,
      "fp": -1.0,
      "fn": -1.0,
      "ids": -1.0,
      "frag": -1.0,
      "tid": 20,
      "lgd": 20
    },
    "num_thresholds": 40
  },
  "amota": 0.3118061254447383,
  "amotp": 1.378242584729031,
  "recall": 0.4526241280343977,
  "motar": 0.6503941989198851,
  "gt": 685.5714285714286,
  "mota": 0.3319356002862887,
  "motp": 0.7901252452117044,
  "mt": 84.0,
  "ml": 76.0,
  "faf": 117.65174016908664,
  "tp": 2577.0,
  "fp": 414.0,
  "fn": 1998.0,
  "ids": 224.0,
  "frag": 125.0,
  "tid": 4.361904761904762,
  "lgd": 5.110149408182814,
  "meta": {
    "use_camera": true,
    "use_lidar": false,
    "use_radar": true,
    "use_map": false,
    "use_external": false
  }
}