{
  "label_metrics": {
    "amota": {
      "bicycle": 0.0,
      "bus": 0.5334893957583032,
      "car": 0.5397575167256757,
      "motorcycle": 0.3611943779467581,
      "pedestrian": 0.24908816101378575,
      "trailer": 0.0,
      "truck": 0.0
    },
    "amotp": {
      "bicycle": 2.0,
      "bus": 1.310675540777043,
      "car": 1.0487846700871817,
      "motorcycle": 1.4419812457844325,
      "pedestrian": 1.246387442214013,
      "trailer": 2.0,
      "truck": 2.0
    },
    "recall": {
      "bicycle": 0.0,
      "bus": 0.5930232558139535,
      "car": 0.6361304507145474,
      "motorcycle": 0.453781512605042,
      "pedestrian": 0.47346938775510206,
      "trailer": 0.0,
      "truck": 0.0
    },
    "motar": {
      "bicycle": 0.0,
      "bus": 0.980392156862745,
      "car": 0.9226618705035972,
      "motorcycle": 0.9405940594059405,
      "pedestrian": 0.640650406504065,
      "trailer": 0.0,
      "truck": 0.0
    },
    "gt": {
      "bicycle": 58.0,
      "bus": 86.0,
      "car": 2729.0,
      "motorcycle": 238.0,
      "pedestrian": 1470.0,
      "trailer": 41.0,
      "truck": 177.0
    },
    "mota": {
      "bicycle": 0.0,
      "bus": 0.5813953488372092,
      "car": 0.5639428362037376,
      "motorcycle": 0.39915966386554624,
      "pedestrian": 0.2680272108843538,
      "trailer": 0.0,
      "truck": 0.0
    },
    "motp": {
      "bicycle": 2.0,
      "bus": 0.6825197086130472,
      "car": 0.4025641457715572,
      "motorcycle": 0.5556793195762811,
      "pedestrian": 0.8191020011439833,
      "trailer": 2.0,
      "truck": 2.0
    },
    "mt": {
      "bicycle": 0.0,
      "bus": 2.0,
      "car": 54.0,
      "motorcycle": 1.0,
      "pedestrian": 19.0,
      "trailer": 0.0,
      "truck": 0.0
    },
    "ml": {
      "bicycle": 8.0,
      "bus": 0.0,
      "car": 38.0,
      "motorcycle": 4.0,
      "pedestrian": 39.0,
      "trailer": 1.0,
      "truck": 9.0
    },
    "faf": {
      "bicycle": 500.0,
      "bus": 1.5625,
      "car": 79.62962962962963,
      "motorcycle": 9.523809523809524,
      "pedestrian": 168.70229007633588,
      "trailer": 500.0,
      "truck": 500.0
    },
    "tp": {
      "bicycle": 0.0,
      "bus": 51.0,
      "car": 1668.0,
      "motorcycle": 101.0,
      "pedestrian": 615.0,
      "trailer": 0.0,
      "truck": 0.0
    },
    "fp": {
      "bicycle": NaN,
      "bus": 1.0,
      "car": 129.0,
      "motorcycle": 6.0,
      "pedestrian": 221.0,
      "trailer": NaN,
      "truck": NaN
    },
    "fn": {
      "bicycle": 58.0,
      "bus": 35.0,
      "car": 993.0,
      "motorcycle": 130.0,
      "pedestrian": 774.0,
      "trailer": 41.0,
      "truck": 177.0
    },
    "ids": {
      "bicycle": NaN,
      "bus": 0.0,
      "car": 68.0,
      "motorcycle": 7.0,
      "pedestrian": 81.0,
      "trailer": NaN,
      "truck": NaN
    },
    "frag": {
      "bicycle": NaN,
      "bus": 1.0,
      "car": 66.0,
      "motorcycle": 7.0,
      "pedestrian": 45.0,
      "trailer": NaN,
      "truck": NaN
    },
    "tid": {
      "bicycle": 20.0,
      "bus": 1.6,
      "car": 1.575,
      "motorcycle": 3.2777777777777777,
      "pedestrian": 1.763157894736842,
      "trailer": 20.0,
      "truck": 20.0
    },
    "lgd": {
      "bicycle": 20.0,
      "bus": 2.5,
      "car": 2.175,
      "motorcycle": 3.4444444444444446,
      "pedestrian": 3.3947368421052633,
      "trailer": 20.0,
      "truck": 20.0
    }
  },
  "eval_time": 35.425159215927124,
  "cfg": {
    "tracking_names": [
      "bicycle",
      "bus",
      "car",
      "motorcycle",
      "pedestrian",
      "trailer",
      "truck"
    ],
    "pretty_tracking_names": {
      "bicycle": "Bicycle",
      "bus": "Bus",
      "car": "Car",
      "motorcycle": "Motorcycle",
      "pedestrian": "Pedestrian",
      "trailer": "Trailer",
      "truck": "Truck"
    },
    "tracking_colors": {
      "bicycle": "C9",
      "bus": "C2",
      "car": "C0",
      "motorcycle": "C6",
      "pedestrian": "C5",
      "trailer": "C3",
      "truck": "C1"
    },
    "class_range": {
      "car": 50,
      "truck": 50,
      "bus": 50,
      "trailer": 50,
      "pedestrian": 40,
      "motorcycle": 40,
      "bicycle": 40
    },
    "dist_fcn": "center_distance",
    "dist_th_tp": 2.0,
    "min_recall": 0.1,
    "max_boxes_per_sample": 600,
    "metric_worst": {
      "amota": 0.0,
      "amotp": 2.0,
      "recall": 0.0,
      "motar": 0.0,
      "mota": 0.0,
      "motp": 2.0,
      "mt": 0.0,
      "ml": -1.0,
      "faf": 500,
      "gt": -1,
      "tp": 0.0,
      "fp": -1.0,
      "fn": -1.0,
      "ids": -1.0,
      "frag": -1.0,
      "tid": 20,
      "lgd": 20
    },
    "num_thresholds": 40
  },
  "amota": 0.24050420734921757,
  "amotp": 1.5782612712660957,
  "recall": 0.30805780098409213,
  "motar": 0.4977569276109068,
  "gt": 685.5714285714286,
  "mota": 0.25893215139869236,
  "motp": 1.2085521678721243,
  "mt": 76.0,
  "ml": 99.0,
  "faf": 251.3454613185393,
  "tp": 2435.0,
  "fp": 357.0,
  "fn": 2208.0,
  "ids": 156.0,
  "frag": 119.0,
  "tid": 9.745133667502088,
  "lgd": 10.216311612364246,
  "meta": {
    "use_camera": true,
    "use_lidar": false,
    "use_radar": true,
    "use_map": false,
    "use_external": false
  }
}