{
  "label_metrics": {
    "amota": {
      "bicycle": 0.04375,
      "bus": 0.5334876929495203,
      "car": 0.5418222214527953,
      "motorcycle": 0.36069826027683055,
      "pedestrian": 0.22839513542147447,
      "trailer": 0.0,
      "truck": 0.0902132039152814
    },
    "amotp": {
      "bicycle": 1.3205493957708394,
      "bus": 1.2861584817662028,
      "car": 1.0390313445220332,
      "motorcycle": 1.4407705973056133,
      "pedestrian": 1.220841615003885,
      "trailer": 2.0,
      "truck": 1.3690400891834003
    },
    "recall": {
      "bicycle": 0.5862068965517241,
      "bus": 0.5930232558139535,
      "car": 0.643459142543056,
      "motorcycle": 0.47478991596638653,
      "pedestrian": 0.5204081632653061,
      "trailer": 0.0,
      "truck": 0.480225988700565
    },
    "motar": {
      "bicycle": 0.25,
      "bus": 0.980392156862745,
      "car": 0.9233532934131736,
      "motorcycle": 0.9320388349514563,
      "pedestrian": 0.4631268436578171,
      "trailer": 0.0,
      "truck": 0.379746835443038
    },
    "gt": {
      "bicycle": 58.0,
      "bus": 86.0,
      "car": 2729.0,
      "motorcycle": 238.0,
      "pedestrian": 1470.0,
      "trailer": 41.0,
      "truck": 177.0
    },
    "mota": {
      "bicycle": 0.13793103448275867,
      "bus": 0.5813953488372092,
      "car": 0.5650421399780139,
      "motorcycle": 0.40336134453781514,
      "pedestrian": 0.21360544217687072,
      "trailer": 0.0,
      "truck": 0.1694915254237288
    },
    "motp": {
      "bicycle": 0.5833615291229867,
      "bus": 0.6395941340099442,
      "car": 0.37185980921112805,
      "motorcycle": 0.5818864453479535,
      "pedestrian": 0.7579743645457306,
      "trailer": 2.0,
      "truck": 0.4502527262564825
    },
    "mt": {
      "bicycle": 1.0,
      "bus": 2.0,
      "car": 57.0,
      "motorcycle": 1.0,
      "pedestrian": 20.0,
      "trailer": 0.0,
      "truck": 1.0
    },
    "ml": {
      "bicycle": 2.0,
      "bus": 0.0,
      "car": 33.0,
      "motorcycle": 3.0,
      "pedestrian": 32.0,
      "trailer": 1.0,
      "truck": 4.0
    },
    "faf": {
      "bicycle": 55.81395348837209,
      "bus": 1.5625,
      "car": 79.01234567901234,
      "motorcycle": 11.11111111111111,
      "pedestrian": 277.86259541984737,
      "trailer": 500.0,
      "truck": 41.17647058823529
    },
    "tp": {
      "bicycle": 32.0,
      "bus": 51.0,
      "car": 1670.0,
      "motorcycle": 103.0,
      "pedestrian": 678.0,
      "trailer": 0.0,
      "truck": 79.0
    },
    "fp": {
      "bicycle": 24.0,
      "bus": 1.0,
      "car": 128.0,
      "motorcycle": 7.0,
      "pedestrian": 364.0,
      "trailer": NaN,
      "truck": 49.0
    },
    "fn": {
      "bicycle": 24.0,
      "bus": 35.0,
      "car": 973.0,
      "motorcycle": 125.0,
      "pedestrian": 705.0,
      "trailer": 41.0,
      "truck": 92.0
    },
    "ids": {
      "bicycle": 2.0,
      "bus": 0.0,
      "car": 86.0,
      "motorcycle": 10.0,
      "pedestrian": 87.0,
      "trailer": NaN,
      "truck": 6.0
    },
    "frag": {
      "bicycle": 3.0,
      "bus": 1.0,
      "car": 64.0,
      "motorcycle": 8.0,
      "pedestrian": 40.0,
      "trailer": NaN,
      "truck": 4.0
    },
    "tid": {
      "bicycle": 0.4166666666666667,
      "bus": 1.6,
      "car": 1.528225806451613,
      "motorcycle": 3.2777777777777777,
      "pedestrian": 0.9649122807017544,
      "trailer": 20.0,
      "truck": 1.6666666666666667
    },
    "lgd": {
      "bicycle": 1.0,
      "bus": 2.5,
      "car": 2.125,
      "motorcycle": 3.388888888888889,
      "pedestrian": 2.8508771929824563,
      "trailer": 20.0,
      "truck": 2.5
    }
  },
  "eval_time": 35.307687759399414,
  "cfg": {
    "tracking_names": [
      "bicycle",
      "bus",
      "car",
      "motorcycle",
      "pedestrian",
      "trailer",
      "truck"
    ],
    "pretty_tracking_names": {
      "bicycle": "Bicycle",
      "bus": "Bus",
      "car": "Car",
      "motorcycle": "Motorcycle",
      "pedestrian": "Pedestrian",
      "trailer": "Trailer",
      "truck": "Truck"
    },
    "tracking_colors": {
      "bicycle": "C9",
      "bus": "C2",
      "car": "C0",
      "motorcycle": "C6",
      "pedestrian": "C5",
      "trailer": "C3",
      "truck": "C1"
    },
    "class_range": {
      "car": 50,
      "truck": 50,
      "bus": 50,
      "trailer": 50,
      "pedestrian": 40,
      "motorcycle": 40,
      "bicycle": 40
    },
    "dist_fcn": "center_distance",
    "dist_th_tp": 2.0,
    "min_recall": 0.1,
    "max_boxes_per_sample": 600,
    "metric_worst": {
      "amota": 0.0,
      "amotp": 2.0,
      "recall": 0.0,
      "motar": 0.0,
      "mota": 0.0,
      "motp": 2.0,
      "mt": 0.0,
      "ml": -1.0,
      "faf": 500,
      "gt": -1,
      "tp": 0.0,
      "fp": -1.0,
      "fn": -1.0,
      "ids": -1.0,
      "frag": -1.0,
      "tid": 20,
      "lgd": 20
    },
    "num_thresholds": 40
  },
  "amota": 0.2569095020022717,
  "amotp": 1.3823416462217106,
  "recall": 0.47115905183442724,
  "motar": 0.56123685204689,
  "gt": 685.5714285714286,
  "mota": 0.2958324050623424,
  "motp": 0.7692755726420322,
  "mt": 82.0,
  "ml": 75.0,
  "faf": 138.0769966123683,
  "tp": 2613.0,
  "fp": 573.0,
  "fn": 1995.0,
  "ids": 191.0,
  "frag": 120.0,
  "tid": 4.207749885466354,
  "lgd": 4.909252297410192,
  "meta": {
    "use_camera": true,
    "use_lidar": false,
    "use_radar": true,
    "use_map": false,
    "use_external": false
  }
}