{
  "label_metrics": {
    "amota": {
      "bicycle": 0.1564144736842105,
      "bus": 0.0,
      "car": 0.0,
      "motorcycle": 0.0,
      "pedestrian": 0.0,
      "trailer": 0.0,
      "truck": 0.30425810678021614
    },
    "amotp": {
      "bicycle": 1.3707993554432476,
      "bus": 2.0,
      "car": 2.0,
      "motorcycle": 2.0,
      "pedestrian": 2.0,
      "trailer": 2.0,
      "truck": 1.4598525067911878
    },
    "recall": {
      "bicycle": 0.5862068965517241,
      "bus": 0.0,
      "car": 0.0,
      "motorcycle": 0.0,
      "pedestrian": 0.0,
      "trailer": 0.0,
      "truck": 0.480225988700565
    },
    "motar": {
      "bicycle": 0.375,
      "bus": 0.0,
      "car": 0.0,
      "motorcycle": 0.0,
      "pedestrian": 0.0,
      "trailer": 0.0,
      "truck": 0.9014084507042254
    },
    "gt": {
      "bicycle": 58.0,
      "bus": 86.0,
      "car": 2729.0,
      "motorcycle": 238.0,
      "pedestrian": 1470.0,
      "trailer": 41.0,
      "truck": 177.0
    },
    "mota": {
      "bicycle": 0.2068965517241379,
      "bus": 0.0,
      "car": 0.0,
      "motorcycle": 0.0,
      "pedestrian": 0.0,
      "trailer": 0.0,
      "truck": 0.3615819209039548
    },
    "motp": {
      "bicycle": 0.6698700318863641,
      "bus": 2.0,
      "car": 2.0,
      "motorcycle": 2.0,
      "pedestrian": 2.0,
      "trailer": 2.0,
      "truck": 0.46108893722309685
    },
    "mt": {
      "bicycle": 1.0,
      "bus": 0.0,
      "car": 0.0,
      "motorcycle": 0.0,
      "pedestrian": 0.0,
      "trailer": 0.0,
      "truck": 1.0
    },
    "ml": {
      "bicycle": 2.0,
      "bus": 5.0,
      "car": 154.0,
      "motorcycle": 11.0,
      "pedestrian": 85.0,
      "trailer": 1.0,
      "truck": 4.0
    },
    "faf": {
      "bicycle": 47.61904761904761,
      "bus": 500.0,
      "car": 500.0,
      "motorcycle": 500.0,
      "pedestrian": 500.0,
      "trailer": 500.0,
      "truck": 5.932203389830509
    },
    "tp": {
      "bicycle": 32.0,
      "bus": 0.0,
      "car": 0.0,
      "motorcycle": 0.0,
      "pedestrian": 0.0,
      "trailer": 0.0,
      "truck": 71.0
    },
    "fp": {
      "bicycle": 20.0,
      "bus": NaN,
      "car": NaN,
      "motorcycle": NaN,
      "pedestrian": NaN,
      "trailer": NaN,
      "truck": 7.0
    },
    "fn": {
      "bicycle": 24.0,
      "bus": 86.0,
      "car": 2729.0,
      "motorcycle": 238.0,
      "pedestrian": 1470.0,
      "trailer": 41.0,
      "truck": 92.0
    },
    "ids": {
      "bicycle": 2.0,
      "bus": NaN,
      "car": NaN,
      "motorcycle": NaN,
      "pedestrian": NaN,
      "trailer": NaN,
      "truck": 14.0
    },
    "frag": {
      "bicycle": 3.0,
      "bus": NaN,
      "car": NaN,
      "motorcycle": NaN,
      "pedestrian": NaN,
      "trailer": NaN,
      "truck": 4.0
    },
    "tid": {
      "bicycle": 0.4166666666666667,
      "bus": 20.0,
      "car": 20.0,
      "motorcycle": 20.0,
      "pedestrian": 20.0,
      "trailer": 20.0,
      "truck": 1.6666666666666667
    },
    "lgd": {
      "bicycle": 1.0,
      "bus": 20.0,
      "car": 20.0,
      "motorcycle": 20.0,
      "pedestrian": 20.0,
      "trailer": 20.0,
      "truck": 2.5
    }
  },
  "eval_time": 2.229417085647583,
  "cfg": {
    "tracking_names": [
      "bicycle",
      "bus",
      "car",
      "motorcycle",
      "pedestrian",
      "trailer",
      "truck"
    ],
    "pretty_tracking_names": {
      "bicycle": "Bicycle",
      "bus": "Bus",
      "car": "Car",
      "motorcycle": "Motorcycle",
      "pedestrian": "Pedestrian",
      "trailer": "Trailer",
      "truck": "Truck"
    },
    "tracking_colors": {
      "bicycle": "C9",
      "bus": "C2",
      "car": "C0",
      "motorcycle": "C6",
      "pedestrian": "C5",
      "trailer": "C3",
      "truck": "C1"
    },
    "class_range": {
      "car": 50,
      "truck": 50,
      "bus": 50,
      "trailer": 50,
      "pedestrian": 40,
      "motorcycle": 40,
      "bicycle": 40
    },
    "dist_fcn": "center_distance",
    "dist_th_tp": 2.0,
    "min_recall": 0.1,
    "max_boxes_per_sample": 600,
    "metric_worst": {
      "amota": 0.0,
      "amotp": 2.0,
      "recall": 0.0,
      "motar": 0.0,
      "mota": 0.0,
      "motp": 2.0,
      "mt": 0.0,
      "ml": -1.0,
      "faf": 500,
      "gt": -1,
      "tp": 0.0,
      "fp": -1.0,
      "fn": -1.0,
      "ids": -1.0,
      "frag": -1.0,
      "tid": 20,
      "lgd": 20
    },
    "num_thresholds": 40
  },
  "amota": 0.06581036863777523,
  "amotp": 1.8329502660334909,
  "recall": 0.1523475550360413,
  "motar": 0.18234406438631792,
  "gt": 685.5714285714286,
  "mota": 0.08121121037544181,
  "motp": 1.5901369955870661,
  "mt": 2.0,
  "ml": 262.0,
  "faf": 364.7930358584112,
  "tp": 103.0,
  "fp": 27.0,
  "fn": 4680.0,
  "ids": 16.0,
  "frag": 7.0,
  "tid": 14.583333333333334,
  "lgd": 14.785714285714286,
  "meta": {
    "use_camera": true,
    "use_lidar": false,
    "use_radar": true,
    "use_map": false,
    "use_external": false
  }
}