{
  "label_metrics": {
    "amota": {
      "bicycle": 0.27826169534838857,
      "bus": 0.48047447104658125,
      "car": 0.4869428693779708,
      "motorcycle": 0.3403866436424604,
      "pedestrian": 0.26023070562243167,
      "trailer": 0.09424874325003263,
      "truck": 0.25226777000288564
    },
    "amotp": {
      "bicycle": 1.5153372745108589,
      "bus": 1.2988761337277295,
      "car": 1.1667470871409633,
      "motorcycle": 1.4300963749242264,
      "pedestrian": 1.4856331845827324,
      "trailer": 1.8316007715218248,
      "truck": 1.5046823467145303
    },
    "recall": {
      "bicycle": 0.39086803813346715,
      "bus": 0.5639204545454546,
      "car": 0.577413104240616,
      "motorcycle": 0.43449671219018715,
      "pedestrian": 0.3657711521063604,
      "trailer": 0.18061855670103094,
      "truck": 0.4071502590673575
    },
    "motar": {
      "bicycle": 0.8755244755244755,
      "bus": 0.9422572178477692,
      "car": 0.949729557747375,
      "motorcycle": 0.9433962264150944,
      "pedestrian": 0.7223560587810166,
      "trailer": 0.7577937649880095,
      "truck": 0.7608456891817683
    },
    "gt": {
      "bicycle": 1993.0,
      "bus": 2112.0,
      "car": 58317.0,
      "motorcycle": 1977.0,
      "pedestrian": 25423.0,
      "trailer": 2425.0,
      "truck": 9650.0
    },
    "mota": {
      "bicycle": 0.31409934771700954,
      "bus": 0.5099431818181819,
      "car": 0.511857605843922,
      "motorcycle": 0.37936267071320184,
      "pedestrian": 0.23588876214451482,
      "trailer": 0.13030927835051542,
      "truck": 0.28715025906735747
    },
    "motp": {
      "bicycle": 0.43429327187202993,
      "bus": 0.6009228601888933,
      "car": 0.375932204417269,
      "motorcycle": 0.4327760183843405,
      "pedestrian": 0.627128743747097,
      "trailer": 0.6320530380615169,
      "truck": 0.5239402055225865
    },
    "mt": {
      "bicycle": 22.0,
      "bus": 34.0,
      "car": 1213.0,
      "motorcycle": 24.0,
      "pedestrian": 216.0,
      "trailer": 10.0,
      "truck": 98.0
    },
    "ml": {
      "bicycle": 76.0,
      "bus": 35.0,
      "car": 1333.0,
      "motorcycle": 50.0,
      "pedestrian": 971.0,
      "trailer": 97.0,
      "truck": 252.0
    },
    "faf": {
      "bicycle": 6.477438136826782,
      "bus": 4.271844660194175,
      "car": 27.554935472619462,
      "motorcycle": 3.4509202453987733,
      "pedestrian": 53.742131032874795,
      "trailer": 10.253807106598984,
      "truck": 23.674911660777383
    },
    "tp": {
      "bicycle": 715.0,
      "bus": 1143.0,
      "car": 31430.0,
      "motorcycle": 795.0,
      "pedestrian": 8302.0,
      "trailer": 417.0,
      "truck": 3642.0
    },
    "fp": {
      "bicycle": 89.0,
      "bus": 66.0,
      "car": 1580.0,
      "motorcycle": 45.0,
      "pedestrian": 2305.0,
      "trailer": 101.0,
      "truck": 871.0
    },
    "fn": {
      "bicycle": 1214.0,
      "bus": 921.0,
      "car": 24644.0,
      "motorcycle": 1118.0,
      "pedestrian": 16124.0,
      "trailer": 1987.0,
      "truck": 5721.0
    },
    "ids": {
      "bicycle": 64.0,
      "bus": 48.0,
      "car": 2243.0,
      "motorcycle": 64.0,
      "pedestrian": 997.0,
      "trailer": 21.0,
      "truck": 287.0
    },
    "frag": {
      "bicycle": 57.0,
      "bus": 59.0,
      "car": 1396.0,
      "motorcycle": 66.0,
      "pedestrian": 424.0,
      "trailer": 19.0,
      "truck": 285.0
    },
    "tid": {
      "bicycle": 1.9731182795698925,
      "bus": 1.5617283950617284,
      "car": 1.3112990007686396,
      "motorcycle": 2.2282608695652173,
      "pedestrian": 1.952039691289967,
      "trailer": 2.2,
      "truck": 1.9755747126436782
    },
    "lgd": {
      "bicycle": 2.521505376344086,
      "bus": 2.462962962962963,
      "car": 2.054573405073021,
      "motorcycle": 2.864130434782609,
      "pedestrian": 3.3224917309812567,
      "trailer": 5.066666666666666,
      "truck": 3.175287356321839
    }
  },
  "eval_time": 1284.33363199234,
  "cfg": {
    "tracking_names": [
      "bicycle",
      "bus",
      "car",
      "motorcycle",
      "pedestrian",
      "trailer",
      "truck"
    ],
    "pretty_tracking_names": {
      "bicycle": "Bicycle",
      "bus": "Bus",
      "car": "Car",
      "motorcycle": "Motorcycle",
      "pedestrian": "Pedestrian",
      "trailer": "Trailer",
      "truck": "Truck"
    },
    "tracking_colors": {
      "bicycle": "C9",
      "bus": "C2",
      "car": "C0",
      "motorcycle": "C6",
      "pedestrian": "C5",
      "trailer": "C3",
      "truck": "C1"
    },
    "class_range": {
      "car": 50,
      "truck": 50,
      "bus": 50,
      "trailer": 50,
      "pedestrian": 40,
      "motorcycle": 40,
      "bicycle": 40
    },
    "dist_fcn": "center_distance",
    "dist_th_tp": 2.0,
    "min_recall": 0.1,
    "max_boxes_per_sample": 600,
    "metric_worst": {
      "amota": 0.0,
      "amotp": 2.0,
      "recall": 0.0,
      "motar": 0.0,
      "mota": 0.0,
      "motp": 2.0,
      "mt": 0.0,
      "ml": -1.0,
      "faf": 500,
      "gt": -1,
      "tp": 0.0,
      "fp": -1.0,
      "fn": -1.0,
      "ids": -1.0,
      "frag": -1.0,
      "tid": 20,
      "lgd": 20
    },
    "num_thresholds": 40
  },
  "amota": 0.3132589854701072,
  "amotp": 1.4618533104461235,
  "recall": 0.4171768967120677,
  "motar": 0.8502718557836441,
  "gt": 14556.714285714286,
  "mota": 0.33837301509352896,
  "motp": 0.5181494774562476,
  "mt": 1617.0,
  "ml": 2814.0,
  "faf": 18.489426902184334,
  "tp": 46444.0,
  "fp": 5057.0,
  "fn": 51729.0,
  "ids": 3724.0,
  "frag": 2306.0,
  "tid": 1.8860029926998745,
  "lgd": 3.066802561876063,
  "meta": {
    "use_camera": true,
    "use_lidar": false,
    "use_radar": true,
    "use_map": false,
    "use_external": false
  }
}