{
  "label_metrics": {
    "amota": {
      "bicycle": 0.2764698455020261,
      "bus": 0.47942583308031067,
      "car": 0.4811977604625087,
      "motorcycle": 0.3404434594842227,
      "pedestrian": 0.23785450301405406,
      "trailer": 0.09344378937678664,
      "truck": 0.24808233025062038
    },
    "amotp": {
      "bicycle": 1.5155549310071958,
      "bus": 1.298044899703069,
      "car": 1.1704094452425138,
      "motorcycle": 1.4308662261871212,
      "pedestrian": 1.5072818006840165,
      "trailer": 1.8325339146401518,
      "truck": 1.5036307541495888
    },
    "recall": {
      "bicycle": 0.3868539889613648,
      "bus": 0.5629734848484849,
      "car": 0.5603340363873313,
      "motorcycle": 0.43297926150733435,
      "pedestrian": 0.3541674861346025,
      "trailer": 0.15422680412371134,
      "truck": 0.4035233160621762
    },
    "motar": {
      "bicycle": 0.8680555555555556,
      "bus": 0.9405594405594406,
      "car": 0.9402249904665055,
      "motorcycle": 0.939622641509434,
      "pedestrian": 0.6742807754043709,
      "trailer": 0.821917808219178,
      "truck": 0.7513010134209803
    },
    "gt": {
      "bicycle": 1993.0,
      "bus": 2112.0,
      "car": 58317.0,
      "motorcycle": 1977.0,
      "pedestrian": 25423.0,
      "trailer": 2425.0,
      "truck": 9650.0
    },
    "mota": {
      "bicycle": 0.3135975915704967,
      "bus": 0.509469696969697,
      "car": 0.5073477716617796,
      "motorcycle": 0.37784522003034904,
      "pedestrian": 0.21480549109074465,
      "trailer": 0.12371134020618557,
      "truck": 0.2842487046632124
    },
    "motp": {
      "bicycle": 0.4321849964695869,
      "bus": 0.6026253889475331,
      "car": 0.3835557590166437,
      "motorcycle": 0.43200513763388776,
      "pedestrian": 0.6929165550319794,
      "trailer": 0.62438176421836,
      "truck": 0.5287709565949006
    },
    "mt": {
      "bicycle": 21.0,
      "bus": 34.0,
      "car": 1136.0,
      "motorcycle": 24.0,
      "pedestrian": 183.0,
      "trailer": 9.0,
      "truck": 96.0
    },
    "ml": {
      "bicycle": 78.0,
      "bus": 35.0,
      "car": 1410.0,
      "motorcycle": 50.0,
      "pedestrian": 942.0,
      "trailer": 106.0,
      "truck": 261.0
    },
    "faf": {
      "bicycle": 6.914119359534207,
      "bus": 4.404145077720207,
      "car": 32.79860505666957,
      "motorcycle": 3.6809815950920246,
      "pedestrian": 61.49184149184149,
      "trailer": 6.63265306122449,
      "truck": 24.667209997283347
    },
    "tp": {
      "bicycle": 720.0,
      "bus": 1144.0,
      "car": 31468.0,
      "motorcycle": 795.0,
      "pedestrian": 8099.0,
      "trailer": 365.0,
      "truck": 3651.0
    },
    "fp": {
      "bicycle": 95.0,
      "bus": 68.0,
      "car": 1881.0,
      "motorcycle": 48.0,
      "pedestrian": 2638.0,
      "trailer": 65.0,
      "truck": 908.0
    },
    "fn": {
      "bicycle": 1222.0,
      "bus": 923.0,
      "car": 25640.0,
      "motorcycle": 1121.0,
      "pedestrian": 16419.0,
      "trailer": 2051.0,
      "truck": 5756.0
    },
    "ids": {
      "bicycle": 51.0,
      "bus": 45.0,
      "car": 1209.0,
      "motorcycle": 61.0,
      "pedestrian": 905.0,
      "trailer": 9.0,
      "truck": 243.0
    },
    "frag": {
      "bicycle": 55.0,
      "bus": 58.0,
      "car": 1279.0,
      "motorcycle": 66.0,
      "pedestrian": 590.0,
      "trailer": 11.0,
      "truck": 271.0
    },
    "tid": {
      "bicycle": 1.989247311827957,
      "bus": 1.46875,
      "car": 1.371946414499606,
      "motorcycle": 2.238888888888889,
      "pedestrian": 2.316666666666667,
      "trailer": 2.275,
      "truck": 2.010204081632653
    },
    "lgd": {
      "bicycle": 2.553763440860215,
      "bus": 2.36875,
      "car": 2.1296296296296298,
      "motorcycle": 2.8444444444444446,
      "pedestrian": 3.4760416666666667,
      "trailer": 5.7625,
      "truck": 3.25801749271137
    }
  },
  "eval_time": 1282.7779853343964,
  "cfg": {
    "tracking_names": [
      "bicycle",
      "bus",
      "car",
      "motorcycle",
      "pedestrian",
      "trailer",
      "truck"
    ],
    "pretty_tracking_names": {
      "bicycle": "Bicycle",
      "bus": "Bus",
      "car": "Car",
      "motorcycle": "Motorcycle",
      "pedestrian": "Pedestrian",
      "trailer": "Trailer",
      "truck": "Truck"
    },
    "tracking_colors": {
      "bicycle": "C9",
      "bus": "C2",
      "car": "C0",
      "motorcycle": "C6",
      "pedestrian": "C5",
      "trailer": "C3",
      "truck": "C1"
    },
    "class_range": {
      "car": 50,
      "truck": 50,
      "bus": 50,
      "trailer": 50,
      "pedestrian": 40,
      "motorcycle": 40,
      "bicycle": 40
    },
    "dist_fcn": "center_distance",
    "dist_th_tp": 2.0,
    "min_recall": 0.1,
    "max_boxes_per_sample": 600,
    "metric_worst": {
      "amota": 0.0,
      "amotp": 2.0,
      "recall": 0.0,
      "motar": 0.0,
      "mota": 0.0,
      "motp": 2.0,
      "mt": 0.0,
      "ml": -1.0,
      "faf": 500,
      "gt": -1,
      "tp": 0.0,
      "fp": -1.0,
      "fn": -1.0,
      "ids": -1.0,
      "frag": -1.0,
      "tid": 20,
      "lgd": 20
    },
    "num_thresholds": 40
  },
  "amota": 0.3081310744529327,
  "amotp": 1.4654745673733793,
  "recall": 0.4078654825750008,
  "motar": 0.8479946035907807,
  "gt": 14556.714285714286,
  "mota": 0.333003688027495,
  "motp": 0.5280629368446988,
  "mt": 1503.0,
  "ml": 2882.0,
  "faf": 20.084222234195046,
  "tp": 46242.0,
  "fp": 5703.0,
  "fn": 53132.0,
  "ids": 2523.0,
  "frag": 2330.0,
  "tid": 1.952957623359396,
  "lgd": 3.1990209534731897,
  "meta": {
    "use_camera": true,
    "use_lidar": false,
    "use_radar": true,
    "use_map": false,
    "use_external": false
  }
}