{
  "label_metrics": {
    "amota": {
      "bicycle": 0.27988904278365334,
      "bus": 0.47975480358825784,
      "car": 0.46288857594858684,
      "motorcycle": 0.362724394289604,
      "pedestrian": 0.2556609621853823,
      "trailer": 0.0957190968937333,
      "truck": 0.2529537045981091
    },
    "amotp": {
      "bicycle": 1.5136985428543244,
      "bus": 1.2937058199884663,
      "car": 1.195622936217163,
      "motorcycle": 1.3915764501554462,
      "pedestrian": 1.5194730197452426,
      "trailer": 1.8316779705626156,
      "truck": 1.5028742194697078
    },
    "recall": {
      "bicycle": 0.3938785750125439,
      "bus": 0.5629734848484849,
      "car": 0.5586364181970952,
      "motorcycle": 0.45928174001011635,
      "pedestrian": 0.36938992251111197,
      "trailer": 0.18103092783505154,
      "truck": 0.4060103626943005
    },
    "motar": {
      "bicycle": 0.8720112517580869,
      "bus": 0.9466783216783218,
      "car": 0.9595299399220967,
      "motorcycle": 0.951073985680191,
      "pedestrian": 0.7359913793103448,
      "trailer": 0.7807228915662645,
      "truck": 0.7687877125617117
    },
    "gt": {
      "bicycle": 1993.0,
      "bus": 2112.0,
      "car": 58317.0,
      "motorcycle": 1977.0,
      "pedestrian": 25423.0,
      "trailer": 2425.0,
      "truck": 9650.0
    },
    "mota": {
      "bicycle": 0.3110888108379327,
      "bus": 0.5127840909090908,
      "car": 0.49844813690690537,
      "motorcycle": 0.40313606474456243,
      "pedestrian": 0.24178893128269674,
      "trailer": 0.1336082474226804,
      "truck": 0.29046632124352334
    },
    "motp": {
      "bicycle": 0.41893461250073255,
      "bus": 0.5939616176992304,
      "car": 0.3298432252210705,
      "motorcycle": 0.44197892839397934,
      "pedestrian": 0.6328165672014969,
      "trailer": 0.6378026635294846,
      "truck": 0.5037927672663455
    },
    "mt": {
      "bicycle": 23.0,
      "bus": 34.0,
      "car": 1166.0,
      "motorcycle": 27.0,
      "pedestrian": 210.0,
      "trailer": 12.0,
      "truck": 100.0
    },
    "ml": {
      "bicycle": 76.0,
      "bus": 34.0,
      "car": 1455.0,
      "motorcycle": 46.0,
      "pedestrian": 957.0,
      "trailer": 97.0,
      "truck": 255.0
    },
    "faf": {
      "bicycle": 6.622998544395925,
      "bus": 3.9533376539209333,
      "car": 21.39242715058454,
      "motorcycle": 3.1417624521072796,
      "pedestrian": 51.386623164763456,
      "trailer": 9.238578680203045,
      "truck": 22.901385493072535
    },
    "tp": {
      "bicycle": 711.0,
      "bus": 1144.0,
      "car": 30294.0,
      "motorcycle": 838.0,
      "pedestrian": 8352.0,
      "trailer": 415.0,
      "truck": 3646.0
    },
    "fp": {
      "bicycle": 91.0,
      "bus": 61.0,
      "car": 1226.0,
      "motorcycle": 41.0,
      "pedestrian": 2205.0,
      "trailer": 91.0,
      "truck": 843.0
    },
    "fn": {
      "bicycle": 1208.0,
      "bus": 923.0,
      "car": 25739.0,
      "motorcycle": 1069.0,
      "pedestrian": 16032.0,
      "trailer": 1986.0,
      "truck": 5732.0
    },
    "ids": {
      "bicycle": 74.0,
      "bus": 45.0,
      "car": 2284.0,
      "motorcycle": 70.0,
      "pedestrian": 1039.0,
      "trailer": 24.0,
      "truck": 272.0
    },
    "frag": {
      "bicycle": 59.0,
      "bus": 53.0,
      "car": 846.0,
      "motorcycle": 68.0,
      "pedestrian": 450.0,
      "trailer": 20.0,
      "truck": 261.0
    },
    "tid": {
      "bicycle": 1.924731182795699,
      "bus": 1.4240506329113924,
      "car": 1.3822330888345558,
      "motorcycle": 2.1789473684210527,
      "pedestrian": 1.8950819672131147,
      "trailer": 2.0,
      "truck": 1.944927536231884
    },
    "lgd": {
      "bicycle": 2.478494623655914,
      "bus": 2.3607594936708862,
      "car": 2.20639771801141,
      "motorcycle": 2.8157894736842106,
      "pedestrian": 3.341530054644809,
      "trailer": 4.944444444444445,
      "truck": 3.1768115942028987
    }
  },
  "eval_time": 1228.3774428367615,
  "cfg": {
    "tracking_names": [
      "bicycle",
      "bus",
      "car",
      "motorcycle",
      "pedestrian",
      "trailer",
      "truck"
    ],
    "pretty_tracking_names": {
      "bicycle": "Bicycle",
      "bus": "Bus",
      "car": "Car",
      "motorcycle": "Motorcycle",
      "pedestrian": "Pedestrian",
      "trailer": "Trailer",
      "truck": "Truck"
    },
    "tracking_colors": {
      "bicycle": "C9",
      "bus": "C2",
      "car": "C0",
      "motorcycle": "C6",
      "pedestrian": "C5",
      "trailer": "C3",
      "truck": "C1"
    },
    "class_range": {
      "car": 50,
      "truck": 50,
      "bus": 50,
      "trailer": 50,
      "pedestrian": 40,
      "motorcycle": 40,
      "bicycle": 40
    },
    "dist_fcn": "center_distance",
    "dist_th_tp": 2.0,
    "min_recall": 0.1,
    "max_boxes_per_sample": 600,
    "metric_worst": {
      "amota": 0.0,
      "amotp": 2.0,
      "recall": 0.0,
      "motar": 0.0,
      "mota": 0.0,
      "motp": 2.0,
      "mt": 0.0,
      "ml": -1.0,
      "faf": 500,
      "gt": -1,
      "tp": 0.0,
      "fp": -1.0,
      "fn": -1.0,
      "ids": -1.0,
      "frag": -1.0,
      "tid": 20,
      "lgd": 20
    },
    "num_thresholds": 40
  },
  "amota": 0.31279865432676096,
  "amotp": 1.4640898512847094,
  "recall": 0.41874306158695784,
  "motar": 0.8592564974967166,
  "gt": 14556.714285714286,
  "mota": 0.34161722904962744,
  "motp": 0.5084471974017628,
  "mt": 1572.0,
  "ml": 2920.0,
  "faf": 16.94815901986396,
  "tp": 45400.0,
  "fp": 4558.0,
  "fn": 52689.0,
  "ids": 3808.0,
  "frag": 1757.0,
  "tid": 1.821424539486814,
  "lgd": 3.0463182003306533,
  "meta": {
    "use_camera": true,
    "use_lidar": false,
    "use_radar": true,
    "use_map": false,
    "use_external": false
  }
}