{
  "label_metrics": {
    "amota": {
      "bicycle": 0.3318787541713014,
      "bus": 0.5480769230769231,
      "car": 0.5182782031519194,
      "motorcycle": 0.36161154770023307,
      "pedestrian": 0.26688085316819155,
      "trailer": 0.0,
      "truck": 0.09093197077340956
    },
    "amotp": {
      "bicycle": 1.345036450372379,
      "bus": 1.1925275667226656,
      "car": 1.0917817232341567,
      "motorcycle": 1.4296268282104811,
      "pedestrian": 1.2259927891529834,
      "trailer": 2.0,
      "truck": 1.3719797633538406
    },
    "recall": {
      "bicycle": 0.41379310344827586,
      "bus": 0.627906976744186,
      "car": 0.6533528765115427,
      "motorcycle": 0.46638655462184875,
      "pedestrian": 0.5408163265306123,
      "trailer": 0.0,
      "truck": 0.480225988700565
    },
    "motar": {
      "bicycle": 0.75,
      "bus": 0.9807692307692307,
      "car": 0.9141791044776119,
      "motorcycle": 0.9509803921568627,
      "pedestrian": 0.5242857142857142,
      "trailer": 0.0,
      "truck": 0.379746835443038
    },
    "gt": {
      "bicycle": 58.0,
      "bus": 86.0,
      "car": 2729.0,
      "motorcycle": 238.0,
      "pedestrian": 1470.0,
      "trailer": 41.0,
      "truck": 177.0
    },
    "mota": {
      "bicycle": 0.31034482758620685,
      "bus": 0.5930232558139534,
      "car": 0.538658849395383,
      "motorcycle": 0.40756302521008403,
      "pedestrian": 0.24965986394557826,
      "trailer": 0.0,
      "truck": 0.1694915254237288
    },
    "motp": {
      "bicycle": 0.743685121236052,
      "bus": 0.699438286558657,
      "car": 0.4072517655075128,
      "motorcycle": 0.5345979218816332,
      "pedestrian": 0.7490204720146267,
      "trailer": 2.0,
      "truck": 0.4680698957209458
    },
    "mt": {
      "bicycle": 1.0,
      "bus": 2.0,
      "car": 59.0,
      "motorcycle": 1.0,
      "pedestrian": 21.0,
      "trailer": 0.0,
      "truck": 1.0
    },
    "ml": {
      "bicycle": 5.0,
      "bus": 0.0,
      "car": 31.0,
      "motorcycle": 3.0,
      "pedestrian": 32.0,
      "trailer": 1.0,
      "truck": 4.0
    },
    "faf": {
      "bicycle": 14.285714285714285,
      "bus": 1.5625,
      "car": 85.18518518518519,
      "motorcycle": 7.936507936507936,
      "pedestrian": 252.27272727272728,
      "trailer": 500.0,
      "truck": 41.17647058823529
    },
    "tp": {
      "bicycle": 24.0,
      "bus": 52.0,
      "car": 1608.0,
      "motorcycle": 102.0,
      "pedestrian": 700.0,
      "trailer": 0.0,
      "truck": 79.0
    },
    "fp": {
      "bicycle": 6.0,
      "bus": 1.0,
      "car": 138.0,
      "motorcycle": 5.0,
      "pedestrian": 333.0,
      "trailer": NaN,
      "truck": 49.0
    },
    "fn": {
      "bicycle": 34.0,
      "bus": 32.0,
      "car": 946.0,
      "motorcycle": 127.0,
      "pedestrian": 675.0,
      "trailer": 41.0,
      "truck": 92.0
    },
    "ids": {
      "bicycle": 0.0,
      "bus": 2.0,
      "car": 175.0,
      "motorcycle": 9.0,
      "pedestrian": 95.0,
      "trailer": NaN,
      "truck": 6.0
    },
    "frag": {
      "bicycle": 1.0,
      "bus": 3.0,
      "car": 74.0,
      "motorcycle": 8.0,
      "pedestrian": 37.0,
      "trailer": NaN,
      "truck": 4.0
    },
    "tid": {
      "bicycle": 0.5,
      "bus": 1.6,
      "car": 1.4806201550387597,
      "motorcycle": 3.2777777777777777,
      "pedestrian": 1.1578947368421053,
      "trailer": 20.0,
      "truck": 1.6666666666666667
    },
    "lgd": {
      "bicycle": 1.6666666666666667,
      "bus": 2.2,
      "car": 2.062015503875969,
      "motorcycle": 3.4444444444444446,
      "pedestrian": 2.8157894736842106,
      "trailer": 20.0,
      "truck": 2.5
    }
  },
  "eval_time": 34.67801332473755,
  "cfg": {
    "tracking_names": [
      "bicycle",
      "bus",
      "car",
      "motorcycle",
      "pedestrian",
      "trailer",
      "truck"
    ],
    "pretty_tracking_names": {
      "bicycle": "Bicycle",
      "bus": "Bus",
      "car": "Car",
      "motorcycle": "Motorcycle",
      "pedestrian": "Pedestrian",
      "trailer": "Trailer",
      "truck": "Truck"
    },
    "tracking_colors": {
      "bicycle": "C9",
      "bus": "C2",
      "car": "C0",
      "motorcycle": "C6",
      "pedestrian": "C5",
      "trailer": "C3",
      "truck": "C1"
    },
    "class_range": {
      "car": 50,
      "truck": 50,
      "bus": 50,
      "trailer": 50,
      "pedestrian": 40,
      "motorcycle": 40,
      "bicycle": 40
    },
    "dist_fcn": "center_distance",
    "dist_th_tp": 2.0,
    "min_recall": 0.1,
    "max_boxes_per_sample": 600,
    "metric_worst": {
      "amota": 0.0,
      "amotp": 2.0,
      "recall": 0.0,
      "motar": 0.0,
      "mota": 0.0,
      "motp": 2.0,
      "mt": 0.0,
      "ml": -1.0,
      "faf": 500,
      "gt": -1,
      "tp": 0.0,
      "fp": -1.0,
      "fn": -1.0,
      "ids": -1.0,
      "frag": -1.0,
      "tid": 20,
      "lgd": 20
    },
    "num_thresholds": 40
  },
  "amota": 0.30252260743456827,
  "amotp": 1.3795635887209294,
  "recall": 0.45464026093671867,
  "motar": 0.6428516110189225,
  "gt": 685.5714285714286,
  "mota": 0.32410590676784773,
  "motp": 0.8002947804170611,
  "mt": 85.0,
  "ml": 76.0,
  "faf": 128.91701503833855,
  "tp": 2565.0,
  "fp": 532.0,
  "fn": 1947.0,
  "ids": 287.0,
  "frag": 127.0,
  "tid": 4.240422762332187,
  "lgd": 4.955559441238756,
  "meta": {
    "use_camera": true,
    "use_lidar": false,
    "use_radar": true,
    "use_map": false,
    "use_external": false
  }
}