{
  "label_metrics": {
    "amota": {
      "bicycle": 0.22568649885583528,
      "bus": 0.7505797171018945,
      "car": 0.613989438748416,
      "motorcycle": 0.3647917033334111,
      "pedestrian": 0.4011837820648365,
      "trailer": 0.3482142857142857,
      "truck": 0.3518803962074262
    },
    "amotp": {
      "bicycle": 1.207007606960292,
      "bus": 0.9343715866434984,
      "car": 0.9072229977807517,
      "motorcycle": 1.4557922879196286,
      "pedestrian": 1.2622796658508686,
      "trailer": 1.8158044262204498,
      "truck": 1.2643936605637136
    },
    "recall": {
      "bicycle": 0.1896551724137931,
      "bus": 0.8255813953488372,
      "car": 0.6932942469769147,
      "motorcycle": 0.4957983193277311,
      "pedestrian": 0.6224489795918368,
      "trailer": 0.6829268292682927,
      "truck": 0.5141242937853108
    },
    "motar": {
      "bicycle": 1.0,
      "bus": 0.9,
      "car": 0.8788534342888048,
      "motorcycle": 0.8849557522123894,
      "pedestrian": 0.6419597989949748,
      "trailer": 0.5357142857142857,
      "truck": 0.8333333333333334
    },
    "gt": {
      "bicycle": 58.0,
      "bus": 86.0,
      "car": 2729.0,
      "motorcycle": 238.0,
      "pedestrian": 1470.0,
      "trailer": 41.0,
      "truck": 177.0
    },
    "mota": {
      "bicycle": 0.18965517241379315,
      "bus": 0.7325581395348837,
      "car": 0.5954562110663246,
      "motorcycle": 0.4201680672268907,
      "pedestrian": 0.3476190476190476,
      "trailer": 0.36585365853658536,
      "truck": 0.423728813559322
    },
    "motp": {
      "bicycle": 0.4053975233885207,
      "bus": 0.673075397958892,
      "car": 0.3714441492588265,
      "motorcycle": 0.6189597185594071,
      "pedestrian": 0.6562683528148274,
      "trailer": 1.7166221941853077,
      "truck": 0.3856921236249383
    },
    "mt": {
      "bicycle": 1.0,
      "bus": 3.0,
      "car": 70.0,
      "motorcycle": 2.0,
      "pedestrian": 23.0,
      "trailer": 0.0,
      "truck": 3.0
    },
    "ml": {
      "bicycle": 6.0,
      "bus": 0.0,
      "car": 28.0,
      "motorcycle": 4.0,
      "pedestrian": 26.0,
      "trailer": 0.0,
      "truck": 4.0
    },
    "faf": {
      "bicycle": 0.0,
      "bus": 10.9375,
      "car": 138.2716049382716,
      "motorcycle": 20.634920634920633,
      "pedestrian": 219.23076923076925,
      "trailer": 31.70731707317073,
      "truck": 12.5
    },
    "tp": {
      "bicycle": 11.0,
      "bus": 70.0,
      "car": 1849.0,
      "motorcycle": 113.0,
      "pedestrian": 796.0,
      "trailer": 28.0,
      "truck": 90.0
    },
    "fp": {
      "bicycle": 0.0,
      "bus": 7.0,
      "car": 224.0,
      "motorcycle": 13.0,
      "pedestrian": 285.0,
      "trailer": 13.0,
      "truck": 15.0
    },
    "fn": {
      "bicycle": 47.0,
      "bus": 15.0,
      "car": 837.0,
      "motorcycle": 120.0,
      "pedestrian": 555.0,
      "trailer": 13.0,
      "truck": 86.0
    },
    "ids": {
      "bicycle": 0.0,
      "bus": 1.0,
      "car": 43.0,
      "motorcycle": 5.0,
      "pedestrian": 119.0,
      "trailer": 0.0,
      "truck": 1.0
    },
    "frag": {
      "bicycle": 0.0,
      "bus": 3.0,
      "car": 42.0,
      "motorcycle": 3.0,
      "pedestrian": 38.0,
      "trailer": 2.0,
      "truck": 1.0
    },
    "tid": {
      "bicycle": 0.75,
      "bus": 1.0,
      "car": 1.515625,
      "motorcycle": 4.625,
      "pedestrian": 1.7131147540983607,
      "trailer": 2.0,
      "truck": 1.6666666666666667
    },
    "lgd": {
      "bicycle": 0.75,
      "bus": 1.0,
      "car": 1.94921875,
      "motorcycle": 4.625,
      "pedestrian": 2.2868852459016393,
      "trailer": 3.5,
      "truck": 2.25
    }
  },
  "eval_time": 34.85108780860901,
  "cfg": {
    "tracking_names": [
      "bicycle",
      "bus",
      "car",
      "motorcycle",
      "pedestrian",
      "trailer",
      "truck"
    ],
    "pretty_tracking_names": {
      "bicycle": "Bicycle",
      "bus": "Bus",
      "car": "Car",
      "motorcycle": "Motorcycle",
      "pedestrian": "Pedestrian",
      "trailer": "Trailer",
      "truck": "Truck"
    },
    "tracking_colors": {
      "bicycle": "C9",
      "bus": "C2",
      "car": "C0",
      "motorcycle": "C6",
      "pedestrian": "C5",
      "trailer": "C3",
      "truck": "C1"
    },
    "class_range": {
      "car": 50,
      "truck": 50,
      "bus": 50,
      "trailer": 50,
      "pedestrian": 40,
      "motorcycle": 40,
      "bicycle": 40
    },
    "dist_fcn": "center_distance",
    "dist_th_tp": 2.0,
    "min_recall": 0.1,
    "max_boxes_per_sample": 600,
    "metric_worst": {
      "amota": 0.0,
      "amotp": 2.0,
      "recall": 0.0,
      "motar": 0.0,
      "mota": 0.0,
      "motp": 2.0,
      "mt": 0.0,
      "ml": -1.0,
      "faf": 500,
      "gt": -1,
      "tp": 0.0,
      "fp": -1.0,
      "fn": -1.0,
      "ids": -1.0,
      "frag": -1.0,
      "tid": 20,
      "lgd": 20
    },
    "num_thresholds": 40
  },
  "amota": 0.4366179745751579,
  "amotp": 1.263838890277029,
  "recall": 0.5748327481018166,
  "motar": 0.8106880863633982,
  "gt": 685.5714285714286,
  "mota": 0.4392913014224068,
  "motp": 0.6896370656843885,
  "mt": 102.0,
  "ml": 68.0,
  "faf": 61.89744455387603,
  "tp": 2957.0,
  "fp": 557.0,
  "fn": 1673.0,
  "ids": 169.0,
  "frag": 89.0,
  "tid": 1.8957723458235751,
  "lgd": 2.3373005708430914,
  "meta": {
    "use_camera": true,
    "use_lidar": false,
    "use_radar": true,
    "use_map": false,
    "use_external": false
  }
}