{
  "label_metrics": {
    "amota": {
      "bicycle": 0.14017558528428092,
      "bus": 0.275,
      "car": 0.33969196877819563,
      "motorcycle": 0.3340048674044994,
      "pedestrian": 0.11363393819152887,
      "trailer": 0.0,
      "truck": 0.2754418522446094
    },
    "amotp": {
      "bicycle": 1.5780281363568305,
      "bus": 1.5915396255243945,
      "car": 1.3890113223193359,
      "motorcycle": 1.4983039013734842,
      "pedestrian": 1.3333835640813545,
      "trailer": 2.0,
      "truck": 1.4952548717704357
    },
    "recall": {
      "bicycle": 0.39655172413793105,
      "bus": 0.5232558139534884,
      "car": 0.6460241846830341,
      "motorcycle": 0.4831932773109244,
      "pedestrian": 0.3693877551020408,
      "trailer": 0.0,
      "truck": 0.480225988700565
    },
    "motar": {
      "bicycle": 0.7692307692307692,
      "bus": 1.0000000000000002,
      "car": 0.8256013745704467,
      "motorcycle": 0.9090909090909088,
      "pedestrian": 0.6944444444444444,
      "trailer": 0.0,
      "truck": 0.8840579710144926
    },
    "gt": {
      "bicycle": 58.0,
      "bus": 86.0,
      "car": 2729.0,
      "motorcycle": 238.0,
      "pedestrian": 1470.0,
      "trailer": 41.0,
      "truck": 177.0
    },
    "mota": {
      "bicycle": 0.1724137931034483,
      "bus": 0.33720930232558144,
      "car": 0.35214364235983875,
      "motorcycle": 0.37815126050420167,
      "pedestrian": 0.20408163265306123,
      "trailer": 0.0,
      "truck": 0.34463276836158196
    },
    "motp": {
      "bicycle": 0.6659417409929752,
      "bus": 0.5766182015276998,
      "car": 0.42818781701685243,
      "motorcycle": 0.606744949867665,
      "pedestrian": 0.803960890378728,
      "trailer": 2.0,
      "truck": 0.4529216636556931
    },
    "mt": {
      "bicycle": 1.0,
      "bus": 1.0,
      "car": 60.0,
      "motorcycle": 1.0,
      "pedestrian": 2.0,
      "trailer": 0.0,
      "truck": 1.0
    },
    "ml": {
      "bicycle": 5.0,
      "bus": 0.0,
      "car": 30.0,
      "motorcycle": 3.0,
      "pedestrian": 43.0,
      "trailer": 1.0,
      "truck": 4.0
    },
    "faf": {
      "bicycle": 7.894736842105263,
      "bus": 0.0,
      "car": 125.30864197530865,
      "motorcycle": 14.285714285714285,
      "pedestrian": 101.53846153846153,
      "trailer": 500.0,
      "truck": 6.779661016949152
    },
    "tp": {
      "bicycle": 13.0,
      "bus": 29.0,
      "car": 1164.0,
      "motorcycle": 99.0,
      "pedestrian": 432.0,
      "trailer": 0.0,
      "truck": 69.0
    },
    "fp": {
      "bicycle": 3.0,
      "bus": 0.0,
      "car": 203.0,
      "motorcycle": 9.0,
      "pedestrian": 132.0,
      "trailer": NaN,
      "truck": 8.0
    },
    "fn": {
      "bicycle": 35.0,
      "bus": 41.0,
      "car": 966.0,
      "motorcycle": 123.0,
      "pedestrian": 927.0,
      "trailer": 41.0,
      "truck": 92.0
    },
    "ids": {
      "bicycle": 10.0,
      "bus": 16.0,
      "car": 599.0,
      "motorcycle": 16.0,
      "pedestrian": 111.0,
      "trailer": NaN,
      "truck": 16.0
    },
    "frag": {
      "bicycle": 2.0,
      "bus": 1.0,
      "car": 90.0,
      "motorcycle": 9.0,
      "pedestrian": 58.0,
      "trailer": NaN,
      "truck": 4.0
    },
    "tid": {
      "bicycle": 0.16666666666666666,
      "bus": 1.8,
      "car": 1.484732824427481,
      "motorcycle": 3.6666666666666665,
      "pedestrian": 3.75,
      "trailer": 20.0,
      "truck": 1.6666666666666667
    },
    "lgd": {
      "bicycle": 1.0,
      "bus": 2.8,
      "car": 2.019083969465649,
      "motorcycle": 3.7222222222222223,
      "pedestrian": 4.413461538461538,
      "trailer": 20.0,
      "truck": 2.5
    }
  },
  "eval_time": 30.0993914604187,
  "cfg": {
    "tracking_names": [
      "bicycle",
      "bus",
      "car",
      "motorcycle",
      "pedestrian",
      "trailer",
      "truck"
    ],
    "pretty_tracking_names": {
      "bicycle": "Bicycle",
      "bus": "Bus",
      "car": "Car",
      "motorcycle": "Motorcycle",
      "pedestrian": "Pedestrian",
      "trailer": "Trailer",
      "truck": "Truck"
    },
    "tracking_colors": {
      "bicycle": "C9",
      "bus": "C2",
      "car": "C0",
      "motorcycle": "C6",
      "pedestrian": "C5",
      "trailer": "C3",
      "truck": "C1"
    },
    "class_range": {
      "car": 50,
      "truck": 50,
      "bus": 50,
      "trailer": 50,
      "pedestrian": 40,
      "motorcycle": 40,
      "bicycle": 40
    },
    "dist_fcn": "center_distance",
    "dist_th_tp": 2.0,
    "min_recall": 0.1,
    "max_boxes_per_sample": 600,
    "metric_worst": {
      "amota": 0.0,
      "amotp": 2.0,
      "recall": 0.0,
      "motar": 0.0,
      "mota": 0.0,
      "motp": 2.0,
      "mt": 0.0,
      "ml": -1.0,
      "faf": 500,
      "gt": -1,
      "tp": 0.0,
      "fp": -1.0,
      "fn": -1.0,
      "ids": -1.0,
      "frag": -1.0,
      "tid": 20,
      "lgd": 20
    },
    "num_thresholds": 40
  },
  "amota": 0.211135458843302,
  "amotp": 1.5550744887751196,
  "recall": 0.41409124912685474,
  "motar": 0.7260607811930088,
  "gt": 685.5714285714286,
  "mota": 0.2555189141868162,
  "motp": 0.7906250376342304,
  "mt": 66.0,
  "ml": 86.0,
  "faf": 107.97245937979127,
  "tp": 1806.0,
  "fp": 355.0,
  "fn": 2225.0,
  "ids": 768.0,
  "frag": 164.0,
  "tid": 4.647818974918211,
  "lgd": 5.2078239614499156,
  "meta": {
    "use_camera": true,
    "use_lidar": false,
    "use_radar": true,
    "use_map": false,
    "use_external": false
  }
}