{
  "label_metrics": {
    "amota": {
      "bicycle": 0.0546875,
      "bus": 0.5334876929495203,
      "car": 0.5443387272325506,
      "motorcycle": 0.36163371562607904,
      "pedestrian": 0.25953625457327834,
      "trailer": 0.0,
      "truck": 0.08210603585603586
    },
    "amotp": {
      "bicycle": 1.345967804957645,
      "bus": 1.3119340121549727,
      "car": 1.0496804475010368,
      "motorcycle": 1.447333502410336,
      "pedestrian": 1.2286104208169228,
      "trailer": 2.0,
      "truck": 1.4133464762162227
    },
    "recall": {
      "bicycle": 0.5862068965517241,
      "bus": 0.5930232558139535,
      "car": 0.6456577500916086,
      "motorcycle": 0.47478991596638653,
      "pedestrian": 0.5170068027210885,
      "trailer": 0.0,
      "truck": 0.4350282485875706
    },
    "motar": {
      "bicycle": 0.3125,
      "bus": 0.980392156862745,
      "car": 0.9209107249850211,
      "motorcycle": 0.9320388349514563,
      "pedestrian": 0.5877061469265368,
      "trailer": 0.0,
      "truck": 0.4189189189189191
    },
    "gt": {
      "bicycle": 58.0,
      "bus": 86.0,
      "car": 2729.0,
      "motorcycle": 238.0,
      "pedestrian": 1470.0,
      "trailer": 41.0,
      "truck": 177.0
    },
    "mota": {
      "bicycle": 0.1724137931034483,
      "bus": 0.5813953488372092,
      "car": 0.5632099670208868,
      "motorcycle": 0.40336134453781514,
      "pedestrian": 0.2666666666666667,
      "trailer": 0.0,
      "truck": 0.17514124293785316
    },
    "motp": {
      "bicycle": 0.67698218839812,
      "bus": 0.6825197086130473,
      "car": 0.406021425866928,
      "motorcycle": 0.5863207330717205,
      "pedestrian": 0.7975553026508476,
      "trailer": 2.0,
      "truck": 0.44324207626384016
    },
    "mt": {
      "bicycle": 1.0,
      "bus": 2.0,
      "car": 57.0,
      "motorcycle": 1.0,
      "pedestrian": 19.0,
      "trailer": 0.0,
      "truck": 0.0
    },
    "ml": {
      "bicycle": 2.0,
      "bus": 0.0,
      "car": 32.0,
      "motorcycle": 3.0,
      "pedestrian": 33.0,
      "trailer": 1.0,
      "truck": 4.0
    },
    "faf": {
      "bicycle": 51.162790697674424,
      "bus": 1.5625,
      "car": 81.48148148148148,
      "motorcycle": 11.11111111111111,
      "pedestrian": 209.9236641221374,
      "trailer": 500.0,
      "truck": 36.134453781512605
    },
    "tp": {
      "bicycle": 32.0,
      "bus": 51.0,
      "car": 1669.0,
      "motorcycle": 103.0,
      "pedestrian": 667.0,
      "trailer": 0.0,
      "truck": 74.0
    },
    "fp": {
      "bicycle": 22.0,
      "bus": 1.0,
      "car": 132.0,
      "motorcycle": 7.0,
      "pedestrian": 275.0,
      "trailer": NaN,
      "truck": 43.0
    },
    "fn": {
      "bicycle": 24.0,
      "bus": 35.0,
      "car": 967.0,
      "motorcycle": 125.0,
      "pedestrian": 710.0,
      "trailer": 41.0,
      "truck": 100.0
    },
    "ids": {
      "bicycle": 2.0,
      "bus": 0.0,
      "car": 93.0,
      "motorcycle": 10.0,
      "pedestrian": 93.0,
      "trailer": NaN,
      "truck": 3.0
    },
    "frag": {
      "bicycle": 3.0,
      "bus": 1.0,
      "car": 70.0,
      "motorcycle": 8.0,
      "pedestrian": 47.0,
      "trailer": NaN,
      "truck": 1.0
    },
    "tid": {
      "bicycle": 0.4166666666666667,
      "bus": 1.6,
      "car": 1.531496062992126,
      "motorcycle": 3.2777777777777777,
      "pedestrian": 1.2105263157894737,
      "trailer": 20.0,
      "truck": 1.7
    },
    "lgd": {
      "bicycle": 1.0,
      "bus": 2.5,
      "car": 2.0866141732283463,
      "motorcycle": 3.388888888888889,
      "pedestrian": 2.9473684210526314,
      "trailer": 20.0,
      "truck": 3.2
    }
  },
  "eval_time": 34.85698866844177,
  "cfg": {
    "tracking_names": [
      "bicycle",
      "bus",
      "car",
      "motorcycle",
      "pedestrian",
      "trailer",
      "truck"
    ],
    "pretty_tracking_names": {
      "bicycle": "Bicycle",
      "bus": "Bus",
      "car": "Car",
      "motorcycle": "Motorcycle",
      "pedestrian": "Pedestrian",
      "trailer": "Trailer",
      "truck": "Truck"
    },
    "tracking_colors": {
      "bicycle": "C9",
      "bus": "C2",
      "car": "C0",
      "motorcycle": "C6",
      "pedestrian": "C5",
      "trailer": "C3",
      "truck": "C1"
    },
    "class_range": {
      "car": 50,
      "truck": 50,
      "bus": 50,
      "trailer": 50,
      "pedestrian": 40,
      "motorcycle": 40,
      "bicycle": 40
    },
    "dist_fcn": "center_distance",
    "dist_th_tp": 2.0,
    "min_recall": 0.1,
    "max_boxes_per_sample": 600,
    "metric_worst": {
      "amota": 0.0,
      "amotp": 2.0,
      "recall": 0.0,
      "motar": 0.0,
      "mota": 0.0,
      "motp": 2.0,
      "mt": 0.0,
      "ml": -1.0,
      "faf": 500,
      "gt": -1,
      "tp": 0.0,
      "fp": -1.0,
      "fn": -1.0,
      "ids": -1.0,
      "frag": -1.0,
      "tid": 20,
      "lgd": 20
    },
    "num_thresholds": 40
  },
  "amota": 0.26225570374820917,
  "amotp": 1.3995532377224478,
  "recall": 0.4645304099617617,
  "motar": 0.5932095403778112,
  "gt": 685.5714285714286,
  "mota": 0.3088840518719827,
  "motp": 0.7989487764092147,
  "mt": 80.0,
  "ml": 75.0,
  "faf": 127.33942874198816,
  "tp": 2596.0,
  "fp": 480.0,
  "fn": 2002.0,
  "ids": 201.0,
  "frag": 130.0,
  "tid": 4.248066689032291,
  "lgd": 5.017553069024267,
  "meta": {
    "use_camera": true,
    "use_lidar": false,
    "use_radar": true,
    "use_map": false,
    "use_external": false
  }
}