{
  "label_metrics": {
    "amota": {
      "bicycle": 0.0,
      "bus": 0.5334893957583032,
      "car": 0.5405878587161566,
      "motorcycle": 0.3621034411093786,
      "pedestrian": 0.22714091119156773,
      "trailer": 0.0,
      "truck": 0.0
    },
    "amotp": {
      "bicycle": 2.0,
      "bus": 1.310675540777043,
      "car": 1.0501610114223432,
      "motorcycle": 1.448715058395461,
      "pedestrian": 1.2183961650134314,
      "trailer": 2.0,
      "truck": 2.0
    },
    "recall": {
      "bicycle": 0.0,
      "bus": 0.5930232558139535,
      "car": 0.6353975815316966,
      "motorcycle": 0.42857142857142855,
      "pedestrian": 0.4598639455782313,
      "trailer": 0.0,
      "truck": 0.0
    },
    "motar": {
      "bicycle": 0.0,
      "bus": 0.980392156862745,
      "car": 0.921509886159377,
      "motorcycle": 0.9797979797979796,
      "pedestrian": 0.6272878535773712,
      "trailer": 0.0,
      "truck": 0.0
    },
    "gt": {
      "bicycle": 58.0,
      "bus": 86.0,
      "car": 2729.0,
      "motorcycle": 238.0,
      "pedestrian": 1470.0,
      "trailer": 41.0,
      "truck": 177.0
    },
    "mota": {
      "bicycle": 0.0,
      "bus": 0.5813953488372092,
      "car": 0.5635764016123122,
      "motorcycle": 0.40756302521008403,
      "pedestrian": 0.25646258503401365,
      "trailer": 0.0,
      "truck": 0.0
    },
    "motp": {
      "bicycle": 2.0,
      "bus": 0.6825197086130472,
      "car": 0.4021975709466094,
      "motorcycle": 0.48823457890299027,
      "pedestrian": 0.8730039494185731,
      "trailer": 2.0,
      "truck": 2.0
    },
    "mt": {
      "bicycle": 0.0,
      "bus": 2.0,
      "car": 54.0,
      "motorcycle": 1.0,
      "pedestrian": 15.0,
      "trailer": 0.0,
      "truck": 0.0
    },
    "ml": {
      "bicycle": 8.0,
      "bus": 0.0,
      "car": 38.0,
      "motorcycle": 4.0,
      "pedestrian": 39.0,
      "trailer": 1.0,
      "truck": 9.0
    },
    "faf": {
      "bicycle": 500.0,
      "bus": 1.5625,
      "car": 80.8641975308642,
      "motorcycle": 3.1746031746031744,
      "pedestrian": 170.99236641221373,
      "trailer": 500.0,
      "truck": 500.0
    },
    "tp": {
      "bicycle": 0.0,
      "bus": 51.0,
      "car": 1669.0,
      "motorcycle": 99.0,
      "pedestrian": 601.0,
      "trailer": 0.0,
      "truck": 0.0
    },
    "fp": {
      "bicycle": NaN,
      "bus": 1.0,
      "car": 131.0,
      "motorcycle": 2.0,
      "pedestrian": 224.0,
      "trailer": NaN,
      "truck": NaN
    },
    "fn": {
      "bicycle": 58.0,
      "bus": 35.0,
      "car": 995.0,
      "motorcycle": 136.0,
      "pedestrian": 794.0,
      "trailer": 41.0,
      "truck": 177.0
    },
    "ids": {
      "bicycle": NaN,
      "bus": 0.0,
      "car": 65.0,
      "motorcycle": 3.0,
      "pedestrian": 75.0,
      "trailer": NaN,
      "truck": NaN
    },
    "frag": {
      "bicycle": NaN,
      "bus": 1.0,
      "car": 66.0,
      "motorcycle": 3.0,
      "pedestrian": 35.0,
      "trailer": NaN,
      "truck": NaN
    },
    "tid": {
      "bicycle": 20.0,
      "bus": 1.6,
      "car": 1.5578512396694215,
      "motorcycle": 2.375,
      "pedestrian": 1.6818181818181819,
      "trailer": 20.0,
      "truck": 20.0
    },
    "lgd": {
      "bicycle": 20.0,
      "bus": 2.5,
      "car": 2.1942148760330578,
      "motorcycle": 3.125,
      "pedestrian": 3.4909090909090907,
      "trailer": 20.0,
      "truck": 20.0
    }
  },
  "eval_time": 35.1596794128418,
  "cfg": {
    "tracking_names": [
      "bicycle",
      "bus",
      "car",
      "motorcycle",
      "pedestrian",
      "trailer",
      "truck"
    ],
    "pretty_tracking_names": {
      "bicycle": "Bicycle",
      "bus": "Bus",
      "car": "Car",
      "motorcycle": "Motorcycle",
      "pedestrian": "Pedestrian",
      "trailer": "Trailer",
      "truck": "Truck"
    },
    "tracking_colors": {
      "bicycle": "C9",
      "bus": "C2",
      "car": "C0",
      "motorcycle": "C6",
      "pedestrian": "C5",
      "trailer": "C3",
      "truck": "C1"
    },
    "class_range": {
      "car": 50,
      "truck": 50,
      "bus": 50,
      "trailer": 50,
      "pedestrian": 40,
      "motorcycle": 40,
      "bicycle": 40
    },
    "dist_fcn": "center_distance",
    "dist_th_tp": 2.0,
    "min_recall": 0.1,
    "max_boxes_per_sample": 600,
    "metric_worst": {
      "amota": 0.0,
      "amotp": 2.0,
      "recall": 0.0,
      "motar": 0.0,
      "mota": 0.0,
      "motp": 2.0,
      "mt": 0.0,
      "ml": -1.0,
      "faf": 500,
      "gt": -1,
      "tp": 0.0,
      "fp": -1.0,
      "fn": -1.0,
      "ids": -1.0,
      "frag": -1.0,
      "tid": 20,
      "lgd": 20
    },
    "num_thresholds": 40
  },
  "amota": 0.23761737239648656,
  "amotp": 1.5754211108011826,
  "recall": 0.30240803021361573,
  "motar": 0.5012839823424962,
  "gt": 685.5714285714286,
  "mota": 0.25842819438480275,
  "motp": 1.2065651154116028,
  "mt": 72.0,
  "ml": 99.0,
  "faf": 250.941952445383,
  "tp": 2420.0,
  "fp": 358.0,
  "fn": 2236.0,
  "ids": 143.0,
  "frag": 105.0,
  "tid": 9.602095631641086,
  "lgd": 10.187160566706021,
  "meta": {
    "use_camera": true,
    "use_lidar": false,
    "use_radar": true,
    "use_map": false,
    "use_external": false
  }
}