{
  "label_metrics": {
    "amota": {
      "bicycle": 0.1608333333333333,
      "bus": 0.6754828247088309,
      "car": 0.5431262037267125,
      "motorcycle": 0.45802491999995454,
      "pedestrian": 0.37063233811835783,
      "trailer": 0.184,
      "truck": 0.3587170894560832
    },
    "amotp": {
      "bicycle": 1.2857439988736528,
      "bus": 1.064481384744551,
      "car": 1.0480618518507367,
      "motorcycle": 1.3406050719062608,
      "pedestrian": 1.454515649925163,
      "trailer": 1.808058168660454,
      "truck": 1.3987880802273813
    },
    "recall": {
      "bicycle": 0.1896551724137931,
      "bus": 0.7325581395348837,
      "car": 0.6463906192744595,
      "motorcycle": 0.5546218487394958,
      "pedestrian": 0.5156462585034014,
      "trailer": 0.6097560975609756,
      "truck": 0.480225988700565
    },
    "motar": {
      "bicycle": 0.9,
      "bus": 0.9523809523809524,
      "car": 0.9227082085080888,
      "motorcycle": 0.9285714285714286,
      "pedestrian": 0.8354231974921632,
      "trailer": 0.31999999999999995,
      "truck": 0.9135802469135803
    },
    "gt": {
      "bicycle": 58.0,
      "bus": 86.0,
      "car": 2729.0,
      "motorcycle": 238.0,
      "pedestrian": 1470.0,
      "trailer": 41.0,
      "truck": 177.0
    },
    "mota": {
      "bicycle": 0.15517241379310343,
      "bus": 0.6976744186046512,
      "car": 0.5643092707951631,
      "motorcycle": 0.4915966386554622,
      "pedestrian": 0.3625850340136054,
      "trailer": 0.19512195121951215,
      "truck": 0.4180790960451978
    },
    "motp": {
      "bicycle": 0.7524971329813019,
      "bus": 0.7606886998501297,
      "car": 0.4078389080842553,
      "motorcycle": 0.6465712532040616,
      "pedestrian": 0.6925561266895426,
      "trailer": 1.6661881194094852,
      "truck": 0.4700905001880587
    },
    "mt": {
      "bicycle": 1.0,
      "bus": 3.0,
      "car": 56.0,
      "motorcycle": 2.0,
      "pedestrian": 14.0,
      "trailer": 0.0,
      "truck": 1.0
    },
    "ml": {
      "bicycle": 6.0,
      "bus": 0.0,
      "car": 32.0,
      "motorcycle": 3.0,
      "pedestrian": 31.0,
      "trailer": 0.0,
      "truck": 4.0
    },
    "faf": {
      "bicycle": 2.631578947368421,
      "bus": 4.6875,
      "car": 79.62962962962963,
      "motorcycle": 14.285714285714285,
      "pedestrian": 80.76923076923077,
      "trailer": 40.476190476190474,
      "truck": 5.932203389830509
    },
    "tp": {
      "bicycle": 10.0,
      "bus": 63.0,
      "car": 1669.0,
      "motorcycle": 126.0,
      "pedestrian": 638.0,
      "trailer": 25.0,
      "truck": 81.0
    },
    "fp": {
      "bicycle": 1.0,
      "bus": 3.0,
      "car": 129.0,
      "motorcycle": 9.0,
      "pedestrian": 105.0,
      "trailer": 17.0,
      "truck": 7.0
    },
    "fn": {
      "bicycle": 47.0,
      "bus": 23.0,
      "car": 965.0,
      "motorcycle": 106.0,
      "pedestrian": 712.0,
      "trailer": 16.0,
      "truck": 92.0
    },
    "ids": {
      "bicycle": 1.0,
      "bus": 0.0,
      "car": 95.0,
      "motorcycle": 6.0,
      "pedestrian": 120.0,
      "trailer": 0.0,
      "truck": 4.0
    },
    "frag": {
      "bicycle": 1.0,
      "bus": 2.0,
      "car": 68.0,
      "motorcycle": 5.0,
      "pedestrian": 53.0,
      "trailer": 11.0,
      "truck": 4.0
    },
    "tid": {
      "bicycle": 0.0,
      "bus": 1.4,
      "car": 1.5158730158730158,
      "motorcycle": 2.75,
      "pedestrian": 1.9067796610169492,
      "trailer": 1.5,
      "truck": 1.6666666666666667
    },
    "lgd": {
      "bicycle": 1.25,
      "bus": 1.6,
      "car": 2.0793650793650795,
      "motorcycle": 3.45,
      "pedestrian": 2.788135593220339,
      "trailer": 1.5,
      "truck": 2.5
    }
  },
  "eval_time": 28.58204197883606,
  "cfg": {
    "tracking_names": [
      "bicycle",
      "bus",
      "car",
      "motorcycle",
      "pedestrian",
      "trailer",
      "truck"
    ],
    "pretty_tracking_names": {
      "bicycle": "Bicycle",
      "bus": "Bus",
      "car": "Car",
      "motorcycle": "Motorcycle",
      "pedestrian": "Pedestrian",
      "trailer": "Trailer",
      "truck": "Truck"
    },
    "tracking_colors": {
      "bicycle": "C9",
      "bus": "C2",
      "car": "C0",
      "motorcycle": "C6",
      "pedestrian": "C5",
      "trailer": "C3",
      "truck": "C1"
    },
    "class_range": {
      "car": 50,
      "truck": 50,
      "bus": 50,
      "trailer": 50,
      "pedestrian": 40,
      "motorcycle": 40,
      "bicycle": 40
    },
    "dist_fcn": "center_distance",
    "dist_th_tp": 2.0,
    "min_recall": 0.1,
    "max_boxes_per_sample": 600,
    "metric_worst": {
      "amota": 0.0,
      "amotp": 2.0,
      "recall": 0.0,
      "motar": 0.0,
      "mota": 0.0,
      "motp": 2.0,
      "mt": 0.0,
      "ml": -1.0,
      "faf": 500,
      "gt": -1,
      "tp": 0.0,
      "fp": -1.0,
      "fn": -1.0,
      "ids": -1.0,
      "frag": -1.0,
      "tid": 20,
      "lgd": 20
    },
    "num_thresholds": 40
  },
  "amota": 0.3929738156204675,
  "amotp": 1.3428934580268859,
  "recall": 0.5326934463896534,
  "motar": 0.8246662905523162,
  "gt": 685.5714285714286,
  "mota": 0.412076974732385,
  "motp": 0.7709186772009764,
  "mt": 77.0,
  "ml": 76.0,
  "faf": 32.63029249970916,
  "tp": 2612.0,
  "fp": 271.0,
  "fn": 1961.0,
  "ids": 226.0,
  "frag": 144.0,
  "tid": 1.5341884776509473,
  "lgd": 2.1667858103693454,
  "meta": {
    "use_camera": true,
    "use_lidar": false,
    "use_radar": true,
    "use_map": false,
    "use_external": false
  }
}