{
  "label_metrics": {
    "amota": {
      "bicycle": 0.0,
      "bus": 0.44697958026091883,
      "car": 0.4771435845926428,
      "motorcycle": 0.2640144339259877,
      "pedestrian": 0.1556294748693626,
      "trailer": 0.0,
      "truck": 0.060513459349022934
    },
    "amotp": {
      "bicycle": 1.9278401732635104,
      "bus": 1.3451933160784293,
      "car": 1.1757623997675455,
      "motorcycle": 1.596841236894408,
      "pedestrian": 1.4481344651854513,
      "trailer": 2.0,
      "truck": 1.4899362675255305
    },
    "recall": {
      "bicycle": 0.3793103448275862,
      "bus": 0.5813953488372093,
      "car": 0.6452913155001833,
      "motorcycle": 0.4369747899159664,
      "pedestrian": 0.4142857142857143,
      "trailer": 0.0,
      "truck": 0.4067796610169492
    },
    "motar": {
      "bicycle": 0.0,
      "bus": 0.9767441860465116,
      "car": 0.918353576248313,
      "motorcycle": 0.9634146341463414,
      "pedestrian": 0.8312655086848635,
      "trailer": 0.0,
      "truck": 0.3484848484848485
    },
    "gt": {
      "bicycle": 58.0,
      "bus": 86.0,
      "car": 2729.0,
      "motorcycle": 238.0,
      "pedestrian": 1470.0,
      "trailer": 41.0,
      "truck": 177.0
    },
    "mota": {
      "bicycle": 0.0,
      "bus": 0.4883720930232558,
      "car": 0.49871747893001095,
      "motorcycle": 0.33193277310924374,
      "pedestrian": 0.22789115646258506,
      "trailer": 0.0,
      "truck": 0.12994350282485878
    },
    "motp": {
      "bicycle": 0.6144498591091518,
      "bus": 0.6785676762892839,
      "car": 0.40327555174697016,
      "motorcycle": 0.5434258101257085,
      "pedestrian": 0.6942274611335717,
      "trailer": 2.0,
      "truck": 0.427724641870261
    },
    "mt": {
      "bicycle": 0.0,
      "bus": 2.0,
      "car": 54.0,
      "motorcycle": 0.0,
      "pedestrian": 13.0,
      "trailer": 0.0,
      "truck": 0.0
    },
    "ml": {
      "bicycle": 3.0,
      "bus": 0.0,
      "car": 32.0,
      "motorcycle": 2.0,
      "pedestrian": 37.0,
      "trailer": 1.0,
      "truck": 5.0
    },
    "faf": {
      "bicycle": 30.952380952380953,
      "bus": 1.5625,
      "car": 74.69135802469135,
      "motorcycle": 4.761904761904762,
      "pedestrian": 52.307692307692314,
      "trailer": 500.0,
      "truck": 36.134453781512605
    },
    "tp": {
      "bicycle": 8.0,
      "bus": 43.0,
      "car": 1482.0,
      "motorcycle": 82.0,
      "pedestrian": 403.0,
      "trailer": 0.0,
      "truck": 66.0
    },
    "fp": {
      "bicycle": 13.0,
      "bus": 1.0,
      "car": 121.0,
      "motorcycle": 3.0,
      "pedestrian": 68.0,
      "trailer": NaN,
      "truck": 43.0
    },
    "fn": {
      "bicycle": 36.0,
      "bus": 36.0,
      "car": 968.0,
      "motorcycle": 134.0,
      "pedestrian": 861.0,
      "trailer": 41.0,
      "truck": 105.0
    },
    "ids": {
      "bicycle": 14.0,
      "bus": 7.0,
      "car": 279.0,
      "motorcycle": 22.0,
      "pedestrian": 206.0,
      "trailer": NaN,
      "truck": 6.0
    },
    "frag": {
      "bicycle": 2.0,
      "bus": 1.0,
      "car": 71.0,
      "motorcycle": 5.0,
      "pedestrian": 77.0,
      "trailer": NaN,
      "truck": 1.0
    },
    "tid": {
      "bicycle": 0.5833333333333334,
      "bus": 1.6,
      "car": 1.515748031496063,
      "motorcycle": 3.888888888888889,
      "pedestrian": 1.8,
      "trailer": 20.0,
      "truck": 1.8
    },
    "lgd": {
      "bicycle": 2.0,
      "bus": 2.6,
      "car": 2.0708661417322833,
      "motorcycle": 4.555555555555555,
      "pedestrian": 3.45,
      "trailer": 20.0,
      "truck": 3.4
    }
  },
  "eval_time": 28.87750554084778,
  "cfg": {
    "tracking_names": [
      "bicycle",
      "bus",
      "car",
      "motorcycle",
      "pedestrian",
      "trailer",
      "truck"
    ],
    "pretty_tracking_names": {
      "bicycle": "Bicycle",
      "bus": "Bus",
      "car": "Car",
      "motorcycle": "Motorcycle",
      "pedestrian": "Pedestrian",
      "trailer": "Trailer",
      "truck": "Truck"
    },
    "tracking_colors": {
      "bicycle": "C9",
      "bus": "C2",
      "car": "C0",
      "motorcycle": "C6",
      "pedestrian": "C5",
      "trailer": "C3",
      "truck": "C1"
    },
    "class_range": {
      "car": 50,
      "truck": 50,
      "bus": 50,
      "trailer": 50,
      "pedestrian": 40,
      "motorcycle": 40,
      "bicycle": 40
    },
    "dist_fcn": "center_distance",
    "dist_th_tp": 2.0,
    "min_recall": 0.1,
    "max_boxes_per_sample": 600,
    "metric_worst": {
      "amota": 0.0,
      "amotp": 2.0,
      "recall": 0.0,
      "motar": 0.0,
      "mota": 0.0,
      "motp": 2.0,
      "mt": 0.0,
      "ml": -1.0,
      "faf": 500,
      "gt": -1,
      "tp": 0.0,
      "fp": -1.0,
      "fn": -1.0,
      "ids": -1.0,
      "frag": -1.0,
      "tid": 20,
      "lgd": 20
    },
    "num_thresholds": 40
  },
  "amota": 0.20061150471399067,
  "amotp": 1.5691011226735534,
  "recall": 0.40914816776908697,
  "motar": 0.5768946790872683,
  "gt": 685.5714285714286,
  "mota": 0.23955100062142207,
  "motp": 0.7659530000392782,
  "mt": 69.0,
  "ml": 80.0,
  "faf": 100.05861283259742,
  "tp": 2084.0,
  "fp": 249.0,
  "fn": 2181.0,
  "ids": 534.0,
  "frag": 157.0,
  "tid": 4.455424321959756,
  "lgd": 5.439488813898262,
  "meta": {
    "use_camera": true,
    "use_lidar": false,
    "use_radar": true,
    "use_map": false,
    "use_external": false
  }
}