{
  "label_metrics": {
    "amota": {
      "bicycle": 0.3064677197802198,
      "bus": 0.5469587835134054,
      "car": 0.5431735406757312,
      "motorcycle": 0.372523281157123,
      "pedestrian": 0.2297461816673708,
      "trailer": 0.0,
      "truck": 0.16956489787200996
    },
    "amotp": {
      "bicycle": 1.2662919392429868,
      "bus": 1.1769801274378717,
      "car": 1.0401974692458889,
      "motorcycle": 1.44398143753,
      "pedestrian": 1.2253252733816207,
      "trailer": 2.0,
      "truck": 1.4142539045286067
    },
    "recall": {
      "bicycle": 0.5,
      "bus": 0.5930232558139535,
      "car": 0.6445584463173324,
      "motorcycle": 0.47058823529411764,
      "pedestrian": 0.5333333333333333,
      "trailer": 0.0,
      "truck": 0.4406779661016949
    },
    "motar": {
      "bicycle": 0.607142857142857,
      "bus": 0.980392156862745,
      "car": 0.9264793783622236,
      "motorcycle": 0.941747572815534,
      "pedestrian": 0.5,
      "trailer": 0.0,
      "truck": 0.44594594594594616
    },
    "gt": {
      "bicycle": 58.0,
      "bus": 86.0,
      "car": 2729.0,
      "motorcycle": 238.0,
      "pedestrian": 1470.0,
      "trailer": 41.0,
      "truck": 177.0
    },
    "mota": {
      "bicycle": 0.2931034482758621,
      "bus": 0.5813953488372092,
      "car": 0.5679736167094174,
      "motorcycle": 0.40756302521008403,
      "pedestrian": 0.2360544217687075,
      "trailer": 0.0,
      "truck": 0.18644067796610164
    },
    "motp": {
      "bicycle": 0.6196914002278279,
      "bus": 0.6395941340099442,
      "car": 0.3732650611913946,
      "motorcycle": 0.5829515083997132,
      "pedestrian": 0.7469557979663036,
      "trailer": 2.0,
      "truck": 0.43816438378704775
    },
    "mt": {
      "bicycle": 1.0,
      "bus": 2.0,
      "car": 58.0,
      "motorcycle": 1.0,
      "pedestrian": 22.0,
      "trailer": 0.0,
      "truck": 0.0
    },
    "ml": {
      "bicycle": 3.0,
      "bus": 0.0,
      "car": 33.0,
      "motorcycle": 3.0,
      "pedestrian": 30.0,
      "trailer": 1.0,
      "truck": 4.0
    },
    "faf": {
      "bicycle": 25.581395348837212,
      "bus": 1.5625,
      "car": 75.92592592592592,
      "motorcycle": 9.523809523809524,
      "pedestrian": 264.8854961832061,
      "trailer": 500.0,
      "truck": 34.74576271186441
    },
    "tp": {
      "bicycle": 28.0,
      "bus": 51.0,
      "car": 1673.0,
      "motorcycle": 103.0,
      "pedestrian": 694.0,
      "trailer": 0.0,
      "truck": 74.0
    },
    "fp": {
      "bicycle": 11.0,
      "bus": 1.0,
      "car": 123.0,
      "motorcycle": 6.0,
      "pedestrian": 347.0,
      "trailer": NaN,
      "truck": 41.0
    },
    "fn": {
      "bicycle": 29.0,
      "bus": 35.0,
      "car": 970.0,
      "motorcycle": 126.0,
      "pedestrian": 686.0,
      "trailer": 41.0,
      "truck": 99.0
    },
    "ids": {
      "bicycle": 1.0,
      "bus": 0.0,
      "car": 86.0,
      "motorcycle": 9.0,
      "pedestrian": 90.0,
      "trailer": NaN,
      "truck": 4.0
    },
    "frag": {
      "bicycle": 2.0,
      "bus": 1.0,
      "car": 63.0,
      "motorcycle": 7.0,
      "pedestrian": 45.0,
      "trailer": NaN,
      "truck": 1.0
    },
    "tid": {
      "bicycle": 0.9166666666666666,
      "bus": 1.6,
      "car": 1.528225806451613,
      "motorcycle": 3.6666666666666665,
      "pedestrian": 1.206896551724138,
      "trailer": 20.0,
      "truck": 1.6
    },
    "lgd": {
      "bicycle": 1.3333333333333333,
      "bus": 2.5,
      "car": 2.1088709677419355,
      "motorcycle": 3.7222222222222223,
      "pedestrian": 2.810344827586207,
      "trailer": 20.0,
      "truck": 3.2
    }
  },
  "eval_time": 35.20180058479309,
  "cfg": {
    "tracking_names": [
      "bicycle",
      "bus",
      "car",
      "motorcycle",
      "pedestrian",
      "trailer",
      "truck"
    ],
    "pretty_tracking_names": {
      "bicycle": "Bicycle",
      "bus": "Bus",
      "car": "Car",
      "motorcycle": "Motorcycle",
      "pedestrian": "Pedestrian",
      "trailer": "Trailer",
      "truck": "Truck"
    },
    "tracking_colors": {
      "bicycle": "C9",
      "bus": "C2",
      "car": "C0",
      "motorcycle": "C6",
      "pedestrian": "C5",
      "trailer": "C3",
      "truck": "C1"
    },
    "class_range": {
      "car": 50,
      "truck": 50,
      "bus": 50,
      "trailer": 50,
      "pedestrian": 40,
      "motorcycle": 40,
      "bicycle": 40
    },
    "dist_fcn": "center_distance",
    "dist_th_tp": 2.0,
    "min_recall": 0.1,
    "max_boxes_per_sample": 600,
    "metric_worst": {
      "amota": 0.0,
      "amotp": 2.0,
      "recall": 0.0,
      "motar": 0.0,
      "mota": 0.0,
      "motp": 2.0,
      "mt": 0.0,
      "ml": -1.0,
      "faf": 500,
      "gt": -1,
      "tp": 0.0,
      "fp": -1.0,
      "fn": -1.0,
      "ids": -1.0,
      "frag": -1.0,
      "tid": 20,
      "lgd": 20
    },
    "num_thresholds": 40
  },
  "amota": 0.3097763435236943,
  "amotp": 1.366718593052425,
  "recall": 0.4545973195514903,
  "motar": 0.6288154158756152,
  "gt": 685.5714285714286,
  "mota": 0.3246472198239117,
  "motp": 0.7715174693688901,
  "mt": 84.0,
  "ml": 74.0,
  "faf": 130.31784138480617,
  "tp": 2623.0,
  "fp": 529.0,
  "fn": 1986.0,
  "ids": 190.0,
  "frag": 119.0,
  "tid": 4.359779384501298,
  "lgd": 5.0963959072691,
  "meta": {
    "use_camera": true,
    "use_lidar": false,
    "use_radar": true,
    "use_map": false,
    "use_external": false
  }
}