{
  "label_metrics": {
    "amota": {
      "bicycle": 0.40594229539641946,
      "bus": 0.7854588468309859,
      "car": 0.61452820607734,
      "motorcycle": 0.39901547716914104,
      "pedestrian": 0.4165696750283795,
      "trailer": 0.6352941176470589,
      "truck": 0.37040229885057474
    },
    "amotp": {
      "bicycle": 1.2390208091747674,
      "bus": 0.8751580383151802,
      "car": 0.9068233766707703,
      "motorcycle": 1.4270267712074063,
      "pedestrian": 1.2255882013072628,
      "trailer": 1.8203859122106039,
      "truck": 1.2722647575717534
    },
    "recall": {
      "bicycle": 0.3275862068965517,
      "bus": 0.8372093023255814,
      "car": 0.6929278123854892,
      "motorcycle": 0.4957983193277311,
      "pedestrian": 0.6489795918367347,
      "trailer": 0.8292682926829268,
      "truck": 0.5141242937853108
    },
    "motar": {
      "bicycle": 1.0,
      "bus": 0.9154929577464789,
      "car": 0.888888888888889,
      "motorcycle": 0.8956521739130434,
      "pedestrian": 0.5936768149882903,
      "trailer": 0.7941176470588236,
      "truck": 0.8333333333333334
    },
    "gt": {
      "bicycle": 58.0,
      "bus": 86.0,
      "car": 2729.0,
      "motorcycle": 238.0,
      "pedestrian": 1470.0,
      "trailer": 41.0,
      "truck": 177.0
    },
    "mota": {
      "bicycle": 0.3275862068965517,
      "bus": 0.7558139534883721,
      "car": 0.6038842066691096,
      "motorcycle": 0.4327731092436975,
      "pedestrian": 0.3448979591836735,
      "trailer": 0.6585365853658536,
      "truck": 0.423728813559322
    },
    "motp": {
      "bicycle": 0.5297211176318282,
      "bus": 0.645052684445187,
      "car": 0.37240489870078536,
      "motorcycle": 0.6345630927387008,
      "pedestrian": 0.6835629736861629,
      "trailer": 1.7754823902632546,
      "truck": 0.38999047366840556
    },
    "mt": {
      "bicycle": 1.0,
      "bus": 3.0,
      "car": 70.0,
      "motorcycle": 2.0,
      "pedestrian": 28.0,
      "trailer": 1.0,
      "truck": 3.0
    },
    "ml": {
      "bicycle": 5.0,
      "bus": 0.0,
      "car": 28.0,
      "motorcycle": 4.0,
      "pedestrian": 26.0,
      "trailer": 0.0,
      "truck": 4.0
    },
    "faf": {
      "bicycle": 0.0,
      "bus": 9.375,
      "car": 127.16049382716051,
      "motorcycle": 19.047619047619047,
      "pedestrian": 266.9230769230769,
      "trailer": 17.073170731707318,
      "truck": 12.5
    },
    "tp": {
      "bicycle": 19.0,
      "bus": 71.0,
      "car": 1854.0,
      "motorcycle": 115.0,
      "pedestrian": 854.0,
      "trailer": 34.0,
      "truck": 90.0
    },
    "fp": {
      "bicycle": 0.0,
      "bus": 6.0,
      "car": 206.0,
      "motorcycle": 12.0,
      "pedestrian": 347.0,
      "trailer": 7.0,
      "truck": 15.0
    },
    "fn": {
      "bicycle": 39.0,
      "bus": 14.0,
      "car": 838.0,
      "motorcycle": 120.0,
      "pedestrian": 516.0,
      "trailer": 7.0,
      "truck": 86.0
    },
    "ids": {
      "bicycle": 0.0,
      "bus": 1.0,
      "car": 37.0,
      "motorcycle": 3.0,
      "pedestrian": 100.0,
      "trailer": 0.0,
      "truck": 1.0
    },
    "frag": {
      "bicycle": 0.0,
      "bus": 2.0,
      "car": 39.0,
      "motorcycle": 2.0,
      "pedestrian": 35.0,
      "trailer": 1.0,
      "truck": 1.0
    },
    "tid": {
      "bicycle": 0.5,
      "bus": 1.0,
      "car": 1.5390625,
      "motorcycle": 4.625,
      "pedestrian": 1.5491803278688525,
      "trailer": 2.0,
      "truck": 1.6666666666666667
    },
    "lgd": {
      "bicycle": 2.0,
      "bus": 1.0,
      "car": 1.99609375,
      "motorcycle": 4.6875,
      "pedestrian": 2.0655737704918034,
      "trailer": 2.0,
      "truck": 2.25
    }
  },
  "eval_time": 35.754876375198364,
  "cfg": {
    "tracking_names": [
      "bicycle",
      "bus",
      "car",
      "motorcycle",
      "pedestrian",
      "trailer",
      "truck"
    ],
    "pretty_tracking_names": {
      "bicycle": "Bicycle",
      "bus": "Bus",
      "car": "Car",
      "motorcycle": "Motorcycle",
      "pedestrian": "Pedestrian",
      "trailer": "Trailer",
      "truck": "Truck"
    },
    "tracking_colors": {
      "bicycle": "C9",
      "bus": "C2",
      "car": "C0",
      "motorcycle": "C6",
      "pedestrian": "C5",
      "trailer": "C3",
      "truck": "C1"
    },
    "class_range": {
      "car": 50,
      "truck": 50,
      "bus": 50,
      "trailer": 50,
      "pedestrian": 40,
      "motorcycle": 40,
      "bicycle": 40
    },
    "dist_fcn": "center_distance",
    "dist_th_tp": 2.0,
    "min_recall": 0.1,
    "max_boxes_per_sample": 600,
    "metric_worst": {
      "amota": 0.0,
      "amotp": 2.0,
      "recall": 0.0,
      "motar": 0.0,
      "mota": 0.0,
      "motp": 2.0,
      "mt": 0.0,
      "ml": -1.0,
      "faf": 500,
      "gt": -1,
      "tp": 0.0,
      "fp": -1.0,
      "fn": -1.0,
      "ids": -1.0,
      "frag": -1.0,
      "tid": 20,
      "lgd": 20
    },
    "num_thresholds": 40
  },
  "amota": 0.5181729881428427,
  "amotp": 1.2523239809225348,
  "recall": 0.6208419741771893,
  "motar": 0.8458802594184084,
  "gt": 685.5714285714286,
  "mota": 0.5067458334866543,
  "motp": 0.718682518733475,
  "mt": 108.0,
  "ml": 67.0,
  "faf": 64.58276578993768,
  "tp": 3037.0,
  "fp": 593.0,
  "fn": 1620.0,
  "ids": 142.0,
  "frag": 80.0,
  "tid": 1.839987070647931,
  "lgd": 2.2855953600702574,
  "meta": {
    "use_camera": true,
    "use_lidar": false,
    "use_radar": true,
    "use_map": false,
    "use_external": false
  }
}